step 00952/01905 (49.97%) | loss: 3.480265 | lrm: 0.78 | dt: 874.71ms | tok/sec: 299,691 | bf16_mfu: 0.00 | epoch: 1 pq: 5 rg: 53 | total time: 14.39m | eta: 14.6m
step 00953/01905 (50.03%) | loss: 3.445712 | lrm: 0.78 | dt: 887.37ms | tok/sec: 295,416 | bf16_mfu: 0.00 | epoch: 1 pq: 5 rg: 54 | total time: 14.41m | eta: 14.5m
step 00954/01905 (50.08%) | loss: 3.436112 | lrm: 0.78 | dt: 878.48ms | tok/sec: 298,404 | bf16_mfu: 0.00 | epoch: 1 pq: 5 rg: 54 | total time: 14.42m | eta: 14.5m
step 00955/01905 (50.13%) | loss: 3.453507 | lrm: 0.78 | dt: 897.36ms | tok/sec: 292,126 | bf16_mfu: 0.00 | epoch: 1 pq: 5 rg: 55 | total time: 14.44m | eta: 14.5m
step 00956/01905 (50.18%) | loss: 3.465129 | lrm: 0.78 | dt: 873.91ms | tok/sec: 299,968 | bf16_mfu: 0.00 | epoch: 1 pq: 5 rg: 55 | total time: 14.45m | eta: 14.5m
step 00957/01905 (50.24%) | loss: 3.462195 | lrm: 0.78 | dt: 893.11ms | tok/sec: 293,517 | bf16_mfu: 0.00 | epoch: 1 pq: 5 rg: 56 | total time: 14.47m | eta: 14.5m
[2026-08-11 17:03:39] OK   tokenizer -> gdrive:/tokenizer
step 00958/01905 (50.29%) | loss: 3.451720 | lrm: 0.78 | dt: 870.51ms | tok/sec: 301,139 | bf16_mfu: 0.00 | epoch: 1 pq: 5 rg: 56 | total time: 14.48m | eta: 14.5m
step 00959/01905 (50.34%) | loss: 3.435223 | lrm: 0.78 | dt: 914.64ms | tok/sec: 286,607 | bf16_mfu: 0.00 | epoch: 1 pq: 5 rg: 57 | total time: 14.50m | eta: 14.5m
step 00960/01905 (50.39%) | loss: 3.446598 | lrm: 0.78 | dt: 890.31ms | tok/sec: 294,440 | bf16_mfu: 0.00 | epoch: 1 pq: 5 rg: 57 | total time: 14.51m | eta: 14.4m
[2026-08-11 17:03:42] OK   base_checkpoints -> gdrive:/base_checkpoints
step 00961/01905 (50.45%) | loss: 3.439526 | lrm: 0.77 | dt: 888.96ms | tok/sec: 294,887 | bf16_mfu: 0.00 | epoch: 1 pq: 5 rg: 58 | total time: 14.53m | eta: 14.4m
step 00962/01905 (50.50%) | loss: 3.437659 | lrm: 0.77 | dt: 879.85ms | tok/sec: 297,940 | bf16_mfu: 0.00 | epoch: 1 pq: 5 rg: 58 | total time: 14.54m | eta: 14.4m
step 00963/01905 (50.55%) | loss: 3.416102 | lrm: 0.77 | dt: 899.71ms | tok/sec: 291,366 | bf16_mfu: 0.00 | epoch: 1 pq: 5 rg: 59 | total time: 14.56m | eta: 14.4m
step 00964/01905 (50.60%) | loss: 3.438705 | lrm: 0.77 | dt: 866.58ms | tok/sec: 302,505 | bf16_mfu: 0.00 | epoch: 1 pq: 5 rg: 59 | total time: 14.57m | eta: 14.4m
step 00965/01905 (50.66%) | loss: 3.449226 | lrm: 0.77 | dt: 898.22ms | tok/sec: 291,849 | bf16_mfu: 0.00 | epoch: 1 pq: 5 rg: 60 | total time: 14.59m | eta: 14.4m
step 00966/01905 (50.71%) | loss: 3.453382 | lrm: 0.77 | dt: 1023.67ms | tok/sec: 256,082 | bf16_mfu: 0.00 | epoch: 1 pq: 5 rg: 60 | total time: 14.60m | eta: 14.3m
step 00967/01905 (50.76%) | loss: 3.448746 | lrm: 0.77 | dt: 889.95ms | tok/sec: 294,559 | bf16_mfu: 0.00 | epoch: 1 pq: 5 rg: 61 | total time: 14.62m | eta: 14.3m
step 00968/01905 (50.81%) | loss: 3.426492 | lrm: 0.77 | dt: 866.59ms | tok/sec: 302,500 | bf16_mfu: 0.00 | epoch: 1 pq: 5 rg: 61 | total time: 14.63m | eta: 14.3m
step 00969/01905 (50.87%) | loss: 3.441657 | lrm: 0.77 | dt: 896.17ms | tok/sec: 292,517 | bf16_mfu: 0.00 | epoch: 1 pq: 5 rg: 62 | total time: 14.65m | eta: 14.3m
step 00970/01905 (50.92%) | loss: 3.439937 | lrm: 0.77 | dt: 904.20ms | tok/sec: 289,917 | bf16_mfu: 0.00 | epoch: 1 pq: 5 rg: 62 | total time: 14.66m | eta: 14.3m
step 00971/01905 (50.97%) | loss: 3.433157 | lrm: 0.77 | dt: 886.46ms | tok/sec: 295,719 | bf16_mfu: 0.00 | epoch: 1 pq: 5 rg: 63 | total time: 14.68m | eta: 14.3m
step 00972/01905 (51.02%) | loss: 3.450165 | lrm: 0.77 | dt: 870.21ms | tok/sec: 301,242 | bf16_mfu: 0.00 | epoch: 1 pq: 5 rg: 63 | total time: 14.69m | eta: 14.2m
step 00973/01905 (51.08%) | loss: 3.450664 | lrm: 0.77 | dt: 876.53ms | tok/sec: 299,070 | bf16_mfu: 0.00 | epoch: 1 pq: 5 rg: 63 | total time: 14.71m | eta: 14.2m
step 00974/01905 (51.13%) | loss: 3.430358 | lrm: 0.76 | dt: 911.78ms | tok/sec: 287,507 | bf16_mfu: 0.00 | epoch: 1 pq: 5 rg: 64 | total time: 14.72m | eta: 14.2m
step 00975/01905 (51.18%) | loss: 3.451755 | lrm: 0.76 | dt: 881.46ms | tok/sec: 297,397 | bf16_mfu: 0.00 | epoch: 1 pq: 5 rg: 64 | total time: 14.74m | eta: 14.2m
step 00976/01905 (51.23%) | loss: 3.459156 | lrm: 0.76 | dt: 897.40ms | tok/sec: 292,116 | bf16_mfu: 0.00 | epoch: 1 pq: 5 rg: 65 | total time: 14.75m | eta: 14.2m
step 00977/01905 (51.29%) | loss: 3.467123 | lrm: 0.76 | dt: 871.86ms | tok/sec: 300,673 | bf16_mfu: 0.00 | epoch: 1 pq: 5 rg: 65 | total time: 14.77m | eta: 14.2m
step 00978/01905 (51.34%) | loss: 3.448699 | lrm: 0.76 | dt: 887.86ms | tok/sec: 295,254 | bf16_mfu: 0.00 | epoch: 1 pq: 5 rg: 66 | total time: 14.78m | eta: 14.2m
step 00979/01905 (51.39%) | loss: 3.427857 | lrm: 0.76 | dt: 939.32ms | tok/sec: 279,077 | bf16_mfu: 0.00 | epoch: 1 pq: 5 rg: 66 | total time: 14.80m | eta: 14.1m
step 00980/01905 (51.44%) | loss: 3.438196 | lrm: 0.76 | dt: 897.80ms | tok/sec: 291,986 | bf16_mfu: 0.00 | epoch: 1 pq: 5 rg: 67 | total time: 14.81m | eta: 14.1m
step 00981/01905 (51.50%) | loss: 3.437694 | lrm: 0.76 | dt: 859.65ms | tok/sec: 304,943 | bf16_mfu: 0.00 | epoch: 1 pq: 5 rg: 67 | total time: 14.83m | eta: 14.1m
step 00982/01905 (51.55%) | loss: 3.410359 | lrm: 0.76 | dt: 875.52ms | tok/sec: 299,414 | bf16_mfu: 0.00 | epoch: 1 pq: 5 rg: 68 | total time: 14.84m | eta: 14.1m
step 00983/01905 (51.60%) | loss: 3.418103 | lrm: 0.76 | dt: 872.65ms | tok/sec: 300,400 | bf16_mfu: 0.00 | epoch: 1 pq: 5 rg: 68 | total time: 14.86m | eta: 14.1m
step 00984/01905 (51.65%) | loss: 3.442351 | lrm: 0.76 | dt: 892.75ms | tok/sec: 293,638 | bf16_mfu: 0.00 | epoch: 1 pq: 5 rg: 69 | total time: 14.87m | eta: 14.1m
step 00985/01905 (51.71%) | loss: 3.457088 | lrm: 0.76 | dt: 866.99ms | tok/sec: 302,361 | bf16_mfu: 0.00 | epoch: 1 pq: 5 rg: 69 | total time: 14.89m | eta: 14.0m
step 00986/01905 (51.76%) | loss: 3.443858 | lrm: 0.76 | dt: 876.34ms | tok/sec: 299,135 | bf16_mfu: 0.00 | epoch: 1 pq: 5 rg: 70 | total time: 14.90m | eta: 14.0m
step 00987/01905 (51.81%) | loss: 3.459020 | lrm: 0.75 | dt: 862.48ms | tok/sec: 303,941 | bf16_mfu: 0.00 | epoch: 1 pq: 5 rg: 70 | total time: 14.91m | eta: 14.0m
step 00988/01905 (51.86%) | loss: 3.471336 | lrm: 0.75 | dt: 868.75ms | tok/sec: 301,749 | bf16_mfu: 0.00 | epoch: 1 pq: 5 rg: 71 | total time: 14.93m | eta: 14.0m
step 00989/01905 (51.92%) | loss: 3.457165 | lrm: 0.75 | dt: 862.39ms | tok/sec: 303,973 | bf16_mfu: 0.00 | epoch: 1 pq: 5 rg: 71 | total time: 14.94m | eta: 14.0m
step 00990/01905 (51.97%) | loss: 3.427610 | lrm: 0.75 | dt: 876.07ms | tok/sec: 299,225 | bf16_mfu: 0.00 | epoch: 1 pq: 5 rg: 72 | total time: 14.96m | eta: 14.0m
step 00991/01905 (52.02%) | loss: 3.425318 | lrm: 0.75 | dt: 862.82ms | tok/sec: 303,820 | bf16_mfu: 0.00 | epoch: 1 pq: 5 rg: 72 | total time: 14.97m | eta: 13.9m
step 00992/01905 (52.07%) | loss: 3.431443 | lrm: 0.75 | dt: 894.84ms | tok/sec: 292,949 | bf16_mfu: 0.00 | epoch: 1 pq: 5 rg: 73 | total time: 14.99m | eta: 13.9m
step 00993/01905 (52.13%) | loss: 3.436270 | lrm: 0.75 | dt: 904.20ms | tok/sec: 289,919 | bf16_mfu: 0.00 | epoch: 1 pq: 5 rg: 73 | total time: 15.00m | eta: 13.9m
step 00994/01905 (52.18%) | loss: 3.442114 | lrm: 0.75 | dt: 923.31ms | tok/sec: 283,918 | bf16_mfu: 0.00 | epoch: 1 pq: 5 rg: 74 | total time: 15.02m | eta: 13.9m
step 00995/01905 (52.23%) | loss: 3.429138 | lrm: 0.75 | dt: 866.01ms | tok/sec: 302,702 | bf16_mfu: 0.00 | epoch: 1 pq: 5 rg: 74 | total time: 15.03m | eta: 13.9m
step 00996/01905 (52.28%) | loss: 3.420928 | lrm: 0.75 | dt: 870.13ms | tok/sec: 301,268 | bf16_mfu: 0.00 | epoch: 1 pq: 5 rg: 75 | total time: 15.05m | eta: 13.9m
step 00997/01905 (52.34%) | loss: 3.451563 | lrm: 0.75 | dt: 863.80ms | tok/sec: 303,479 | bf16_mfu: 0.00 | epoch: 1 pq: 5 rg: 75 | total time: 15.06m | eta: 13.9m
step 00998/01905 (52.39%) | loss: 3.422157 | lrm: 0.75 | dt: 875.08ms | tok/sec: 299,567 | bf16_mfu: 0.00 | epoch: 1 pq: 5 rg: 76 | total time: 15.08m | eta: 13.8m
step 00999/01905 (52.44%) | loss: 3.450968 | lrm: 0.75 | dt: 889.77ms | tok/sec: 294,620 | bf16_mfu: 0.00 | epoch: 1 pq: 5 rg: 76 | total time: 15.09m | eta: 13.8m
[2026-08-11 17:04:43] OK   tokenizer -> gdrive:/tokenizer
[2026-08-11 17:04:45] OK   base_checkpoints -> gdrive:/base_checkpoints
Step 01000 | Validation bpb: 1.050740
step 01000/01905 (52.49%) | loss: 3.450905 | lrm: 0.74 | dt: 889.58ms | tok/sec: 294,681 | bf16_mfu: 0.00 | epoch: 1 pq: 5 rg: 77 | total time: 15.10m | eta: 13.8m
step 01001/01905 (52.55%) | loss: 3.431252 | lrm: 0.74 | dt: 889.46ms | tok/sec: 294,722 | bf16_mfu: 0.00 | epoch: 1 pq: 5 rg: 77 | total time: 15.12m | eta: 13.8m
step 01002/01905 (52.60%) | loss: 3.408852 | lrm: 0.74 | dt: 924.71ms | tok/sec: 283,486 | bf16_mfu: 0.00 | epoch: 1 pq: 5 rg: 78 | total time: 15.14m | eta: 13.8m
step 01003/01905 (52.65%) | loss: 3.407433 | lrm: 0.74 | dt: 902.16ms | tok/sec: 290,572 | bf16_mfu: 0.00 | epoch: 1 pq: 5 rg: 78 | total time: 15.15m | eta: 13.8m
step 01004/01905 (52.70%) | loss: 3.405770 | lrm: 0.74 | dt: 896.74ms | tok/sec: 292,329 | bf16_mfu: 0.00 | epoch: 1 pq: 5 rg: 78 | total time: 15.17m | eta: 13.7m
step 01005/01905 (52.76%) | loss: 3.405516 | lrm: 0.74 | dt: 934.58ms | tok/sec: 280,493 | bf16_mfu: 0.00 | epoch: 1 pq: 5 rg: 79 | total time: 15.18m | eta: 13.7m
step 01006/01905 (52.81%) | loss: 3.392537 | lrm: 0.74 | dt: 871.08ms | tok/sec: 300,942 | bf16_mfu: 0.00 | epoch: 1 pq: 5 rg: 79 | total time: 15.20m | eta: 13.7m
step 01007/01905 (52.86%) | loss: 3.400070 | lrm: 0.74 | dt: 887.85ms | tok/sec: 295,256 | bf16_mfu: 0.00 | epoch: 1 pq: 5 rg: 80 | total time: 15.21m | eta: 13.7m
step 01008/01905 (52.91%) | loss: 3.402096 | lrm: 0.74 | dt: 864.72ms | tok/sec: 303,153 | bf16_mfu: 0.00 | epoch: 1 pq: 5 rg: 80 | total time: 15.22m | eta: 13.7m
step 01009/01905 (52.97%) | loss: 3.406584 | lrm: 0.74 | dt: 894.16ms | tok/sec: 293,173 | bf16_mfu: 0.00 | epoch: 1 pq: 5 rg: 81 | total time: 15.24m | eta: 13.7m
[2026-08-11 17:05:46] OK   tokenizer -> gdrive:/tokenizer
step 01010/01905 (53.02%) | loss: 3.388751 | lrm: 0.74 | dt: 889.10ms | tok/sec: 294,841 | bf16_mfu: 0.00 | epoch: 1 pq: 5 rg: 81 | total time: 15.25m | eta: 13.7m
step 01011/01905 (53.07%) | loss: 3.379755 | lrm: 0.74 | dt: 920.24ms | tok/sec: 284,863 | bf16_mfu: 0.00 | epoch: 1 pq: 5 rg: 82 | total time: 15.27m | eta: 13.6m
[2026-08-11 17:05:48] OK   base_checkpoints -> gdrive:/base_checkpoints
step 01012/01905 (53.12%) | loss: 3.392184 | lrm: 0.74 | dt: 905.83ms | tok/sec: 289,397 | bf16_mfu: 0.00 | epoch: 1 pq: 5 rg: 82 | total time: 15.28m | eta: 13.6m
step 01013/01905 (53.18%) | loss: 3.408962 | lrm: 0.73 | dt: 904.45ms | tok/sec: 289,838 | bf16_mfu: 0.00 | epoch: 1 pq: 6 rg: 0 | total time: 15.30m | eta: 13.6m
step 01014/01905 (53.23%) | loss: 3.423737 | lrm: 0.73 | dt: 926.37ms | tok/sec: 282,980 | bf16_mfu: 0.00 | epoch: 1 pq: 6 rg: 0 | total time: 15.32m | eta: 13.6m
step 01015/01905 (53.28%) | loss: 3.437530 | lrm: 0.73 | dt: 903.03ms | tok/sec: 290,294 | bf16_mfu: 0.00 | epoch: 1 pq: 6 rg: 1 | total time: 15.33m | eta: 13.6m
step 01016/01905 (53.33%) | loss: 3.425917 | lrm: 0.73 | dt: 872.42ms | tok/sec: 300,479 | bf16_mfu: 0.00 | epoch: 1 pq: 6 rg: 1 | total time: 15.34m | eta: 13.6m
step 01017/01905 (53.39%) | loss: 3.415874 | lrm: 0.73 | dt: 906.18ms | tok/sec: 289,284 | bf16_mfu: 0.00 | epoch: 1 pq: 6 rg: 2 | total time: 15.36m | eta: 13.5m
step 01018/01905 (53.44%) | loss: 3.437568 | lrm: 0.73 | dt: 887.89ms | tok/sec: 295,243 | bf16_mfu: 0.00 | epoch: 1 pq: 6 rg: 2 | total time: 15.37m | eta: 13.5m
step 01019/01905 (53.49%) | loss: 3.415245 | lrm: 0.73 | dt: 920.44ms | tok/sec: 284,801 | bf16_mfu: 0.00 | epoch: 1 pq: 6 rg: 3 | total time: 15.39m | eta: 13.5m
step 01020/01905 (53.54%) | loss: 3.431106 | lrm: 0.73 | dt: 950.56ms | tok/sec: 275,779 | bf16_mfu: 0.00 | epoch: 1 pq: 6 rg: 3 | total time: 15.41m | eta: 13.5m
step 01021/01905 (53.60%) | loss: 3.425428 | lrm: 0.73 | dt: 923.81ms | tok/sec: 283,763 | bf16_mfu: 0.00 | epoch: 1 pq: 6 rg: 4 | total time: 15.42m | eta: 13.5m
step 01022/01905 (53.65%) | loss: 3.443311 | lrm: 0.73 | dt: 895.20ms | tok/sec: 292,833 | bf16_mfu: 0.00 | epoch: 1 pq: 6 rg: 4 | total time: 15.44m | eta: 13.5m
step 01023/01905 (53.70%) | loss: 3.453322 | lrm: 0.73 | dt: 934.45ms | tok/sec: 280,533 | bf16_mfu: 0.00 | epoch: 1 pq: 6 rg: 5 | total time: 15.45m | eta: 13.5m
step 01024/01905 (53.75%) | loss: 3.466492 | lrm: 0.73 | dt: 905.49ms | tok/sec: 289,503 | bf16_mfu: 0.00 | epoch: 1 pq: 6 rg: 5 | total time: 15.47m | eta: 13.4m
step 01025/01905 (53.81%) | loss: 3.447061 | lrm: 0.73 | dt: 907.65ms | tok/sec: 288,817 | bf16_mfu: 0.00 | epoch: 1 pq: 6 rg: 6 | total time: 15.48m | eta: 13.4m
step 01026/01905 (53.86%) | loss: 3.450224 | lrm: 0.72 | dt: 880.62ms | tok/sec: 297,680 | bf16_mfu: 0.00 | epoch: 1 pq: 6 rg: 6 | total time: 15.50m | eta: 13.4m
step 01027/01905 (53.91%) | loss: 3.454006 | lrm: 0.72 | dt: 919.58ms | tok/sec: 285,069 | bf16_mfu: 0.00 | epoch: 1 pq: 6 rg: 7 | total time: 15.51m | eta: 13.4m
step 01028/01905 (53.96%) | loss: 3.453271 | lrm: 0.72 | dt: 901.93ms | tok/sec: 290,647 | bf16_mfu: 0.00 | epoch: 1 pq: 6 rg: 7 | total time: 15.53m | eta: 13.4m
step 01029/01905 (54.02%) | loss: 3.423722 | lrm: 0.72 | dt: 921.99ms | tok/sec: 284,323 | bf16_mfu: 0.00 | epoch: 1 pq: 6 rg: 8 | total time: 15.54m | eta: 13.4m
step 01030/01905 (54.07%) | loss: 3.420028 | lrm: 0.72 | dt: 887.51ms | tok/sec: 295,370 | bf16_mfu: 0.00 | epoch: 1 pq: 6 rg: 8 | total time: 15.56m | eta: 13.3m
step 01031/01905 (54.12%) | loss: 3.402384 | lrm: 0.72 | dt: 912.02ms | tok/sec: 287,432 | bf16_mfu: 0.00 | epoch: 1 pq: 6 rg: 9 | total time: 15.57m | eta: 13.3m
step 01032/01905 (54.17%) | loss: 3.406215 | lrm: 0.72 | dt: 891.79ms | tok/sec: 293,953 | bf16_mfu: 0.00 | epoch: 1 pq: 6 rg: 9 | total time: 15.59m | eta: 13.3m
step 01033/01905 (54.23%) | loss: 3.406449 | lrm: 0.72 | dt: 929.24ms | tok/sec: 282,105 | bf16_mfu: 0.00 | epoch: 1 pq: 6 rg: 10 | total time: 15.60m | eta: 13.3m
step 01034/01905 (54.28%) | loss: 3.422899 | lrm: 0.72 | dt: 916.51ms | tok/sec: 286,025 | bf16_mfu: 0.00 | epoch: 1 pq: 6 rg: 10 | total time: 15.62m | eta: 13.3m
step 01035/01905 (54.33%) | loss: 3.436059 | lrm: 0.72 | dt: 922.01ms | tok/sec: 284,317 | bf16_mfu: 0.00 | epoch: 1 pq: 6 rg: 11 | total time: 15.63m | eta: 13.3m
step 01036/01905 (54.38%) | loss: 3.450497 | lrm: 0.72 | dt: 897.02ms | tok/sec: 292,237 | bf16_mfu: 0.00 | epoch: 1 pq: 6 rg: 11 | total time: 15.65m | eta: 13.3m
step 01037/01905 (54.44%) | loss: 3.422281 | lrm: 0.72 | dt: 886.55ms | tok/sec: 295,688 | bf16_mfu: 0.00 | epoch: 1 pq: 6 rg: 11 | total time: 15.66m | eta: 13.2m
step 01038/01905 (54.49%) | loss: 3.416602 | lrm: 0.72 | dt: 921.75ms | tok/sec: 284,398 | bf16_mfu: 0.00 | epoch: 1 pq: 6 rg: 12 | total time: 15.68m | eta: 13.2m
step 01039/01905 (54.54%) | loss: 3.413195 | lrm: 0.71 | dt: 890.42ms | tok/sec: 294,404 | bf16_mfu: 0.00 | epoch: 1 pq: 6 rg: 12 | total time: 15.69m | eta: 13.2m
step 01040/01905 (54.59%) | loss: 3.415331 | lrm: 0.71 | dt: 909.71ms | tok/sec: 288,163 | bf16_mfu: 0.00 | epoch: 1 pq: 6 rg: 13 | total time: 15.71m | eta: 13.2m
step 01041/01905 (54.65%) | loss: 3.415209 | lrm: 0.71 | dt: 917.13ms | tok/sec: 285,831 | bf16_mfu: 0.00 | epoch: 1 pq: 6 rg: 13 | total time: 15.72m | eta: 13.2m
step 01042/01905 (54.70%) | loss: 3.426744 | lrm: 0.71 | dt: 922.13ms | tok/sec: 284,281 | bf16_mfu: 0.00 | epoch: 1 pq: 6 rg: 14 | total time: 15.74m | eta: 13.2m
step 01043/01905 (54.75%) | loss: 3.444284 | lrm: 0.71 | dt: 898.07ms | tok/sec: 291,896 | bf16_mfu: 0.00 | epoch: 1 pq: 6 rg: 14 | total time: 15.75m | eta: 13.1m
step 01044/01905 (54.80%) | loss: 3.439787 | lrm: 0.71 | dt: 915.85ms | tok/sec: 286,231 | bf16_mfu: 0.00 | epoch: 1 pq: 6 rg: 15 | total time: 15.77m | eta: 13.1m
step 01045/01905 (54.86%) | loss: 3.434453 | lrm: 0.71 | dt: 876.52ms | tok/sec: 299,074 | bf16_mfu: 0.00 | epoch: 1 pq: 6 rg: 15 | total time: 15.78m | eta: 13.1m
step 01046/01905 (54.91%) | loss: 3.419915 | lrm: 0.71 | dt: 910.19ms | tok/sec: 288,009 | bf16_mfu: 0.00 | epoch: 1 pq: 6 rg: 16 | total time: 15.80m | eta: 13.1m
step 01047/01905 (54.96%) | loss: 3.396030 | lrm: 0.71 | dt: 878.38ms | tok/sec: 298,438 | bf16_mfu: 0.00 | epoch: 1 pq: 6 rg: 16 | total time: 15.81m | eta: 13.1m
step 01048/01905 (55.01%) | loss: 3.391164 | lrm: 0.71 | dt: 895.67ms | tok/sec: 292,679 | bf16_mfu: 0.00 | epoch: 1 pq: 6 rg: 17 | total time: 15.83m | eta: 13.1m
step 01049/01905 (55.07%) | loss: 3.385202 | lrm: 0.71 | dt: 882.16ms | tok/sec: 297,163 | bf16_mfu: 0.00 | epoch: 1 pq: 6 rg: 17 | total time: 15.84m | eta: 13.1m
step 01050/01905 (55.12%) | loss: 3.425747 | lrm: 0.71 | dt: 966.38ms | tok/sec: 271,264 | bf16_mfu: 0.00 | epoch: 1 pq: 6 rg: 18 | total time: 15.86m | eta: 13.0m
step 01051/01905 (55.17%) | loss: 3.420463 | lrm: 0.71 | dt: 894.44ms | tok/sec: 293,081 | bf16_mfu: 0.00 | epoch: 1 pq: 6 rg: 18 | total time: 15.87m | eta: 13.0m
step 01052/01905 (55.22%) | loss: 3.431973 | lrm: 0.70 | dt: 916.71ms | tok/sec: 285,961 | bf16_mfu: 0.00 | epoch: 1 pq: 6 rg: 19 | total time: 15.89m | eta: 13.0m
step 01053/01905 (55.28%) | loss: 3.421347 | lrm: 0.70 | dt: 884.70ms | tok/sec: 296,308 | bf16_mfu: 0.00 | epoch: 1 pq: 6 rg: 19 | total time: 15.90m | eta: 13.0m
step 01054/01905 (55.33%) | loss: 3.428862 | lrm: 0.70 | dt: 925.11ms | tok/sec: 283,363 | bf16_mfu: 0.00 | epoch: 1 pq: 6 rg: 20 | total time: 15.92m | eta: 13.0m
step 01055/01905 (55.38%) | loss: 3.417648 | lrm: 0.70 | dt: 910.70ms | tok/sec: 287,847 | bf16_mfu: 0.00 | epoch: 1 pq: 6 rg: 20 | total time: 15.93m | eta: 13.0m
step 01056/01905 (55.43%) | loss: 3.411918 | lrm: 0.70 | dt: 924.01ms | tok/sec: 283,702 | bf16_mfu: 0.00 | epoch: 1 pq: 6 rg: 21 | total time: 15.95m | eta: 12.9m
step 01057/01905 (55.49%) | loss: 3.422413 | lrm: 0.70 | dt: 902.16ms | tok/sec: 290,572 | bf16_mfu: 0.00 | epoch: 1 pq: 6 rg: 21 | total time: 15.97m | eta: 12.9m
step 01058/01905 (55.54%) | loss: 3.417123 | lrm: 0.70 | dt: 918.09ms | tok/sec: 285,531 | bf16_mfu: 0.00 | epoch: 1 pq: 6 rg: 22 | total time: 15.98m | eta: 12.9m
step 01059/01905 (55.59%) | loss: 3.404243 | lrm: 0.70 | dt: 913.49ms | tok/sec: 286,968 | bf16_mfu: 0.00 | epoch: 1 pq: 6 rg: 22 | total time: 16.00m | eta: 12.9m
step 01060/01905 (55.64%) | loss: 3.394213 | lrm: 0.70 | dt: 886.47ms | tok/sec: 295,715 | bf16_mfu: 0.00 | epoch: 1 pq: 6 rg: 22 | total time: 16.01m | eta: 12.9m
step 01061/01905 (55.70%) | loss: 3.384765 | lrm: 0.70 | dt: 880.38ms | tok/sec: 297,762 | bf16_mfu: 0.00 | epoch: 1 pq: 6 rg: 23 | total time: 16.03m | eta: 12.9m
step 01062/01905 (55.75%) | loss: 3.410746 | lrm: 0.70 | dt: 863.63ms | tok/sec: 303,538 | bf16_mfu: 0.00 | epoch: 1 pq: 6 rg: 23 | total time: 16.04m | eta: 12.9m
step 01063/01905 (55.80%) | loss: 3.429325 | lrm: 0.70 | dt: 904.75ms | tok/sec: 289,741 | bf16_mfu: 0.00 | epoch: 1 pq: 6 rg: 24 | total time: 16.05m | eta: 12.8m
step 01064/01905 (55.85%) | loss: 3.417321 | lrm: 0.70 | dt: 876.29ms | tok/sec: 299,151 | bf16_mfu: 0.00 | epoch: 1 pq: 6 rg: 24 | total time: 16.07m | eta: 12.8m
step 01065/01905 (55.91%) | loss: 3.413282 | lrm: 0.69 | dt: 915.44ms | tok/sec: 286,357 | bf16_mfu: 0.00 | epoch: 1 pq: 6 rg: 25 | total time: 16.08m | eta: 12.8m
step 01066/01905 (55.96%) | loss: 3.419229 | lrm: 0.69 | dt: 924.02ms | tok/sec: 283,698 | bf16_mfu: 0.00 | epoch: 1 pq: 6 rg: 25 | total time: 16.10m | eta: 12.8m
step 01067/01905 (56.01%) | loss: 3.452579 | lrm: 0.69 | dt: 922.11ms | tok/sec: 284,286 | bf16_mfu: 0.00 | epoch: 1 pq: 6 rg: 26 | total time: 16.12m | eta: 12.8m
step 01068/01905 (56.06%) | loss: 3.455594 | lrm: 0.69 | dt: 888.48ms | tok/sec: 295,046 | bf16_mfu: 0.00 | epoch: 1 pq: 6 rg: 26 | total time: 16.13m | eta: 12.8m
step 01069/01905 (56.12%) | loss: 3.484176 | lrm: 0.69 | dt: 924.65ms | tok/sec: 283,506 | bf16_mfu: 0.00 | epoch: 1 pq: 6 rg: 27 | total time: 16.15m | eta: 12.7m
step 01070/01905 (56.17%) | loss: 3.477656 | lrm: 0.69 | dt: 886.58ms | tok/sec: 295,678 | bf16_mfu: 0.00 | epoch: 1 pq: 6 rg: 27 | total time: 16.16m | eta: 12.7m
step 01071/01905 (56.22%) | loss: 3.487084 | lrm: 0.69 | dt: 913.20ms | tok/sec: 287,061 | bf16_mfu: 0.00 | epoch: 1 pq: 6 rg: 28 | total time: 16.18m | eta: 12.7m
step 01072/01905 (56.27%) | loss: 3.479206 | lrm: 0.69 | dt: 889.58ms | tok/sec: 294,682 | bf16_mfu: 0.00 | epoch: 1 pq: 6 rg: 28 | total time: 16.19m | eta: 12.7m
step 01073/01905 (56.33%) | loss: 3.472189 | lrm: 0.69 | dt: 925.34ms | tok/sec: 283,294 | bf16_mfu: 0.00 | epoch: 1 pq: 6 rg: 29 | total time: 16.21m | eta: 12.7m
step 01074/01905 (56.38%) | loss: 3.461778 | lrm: 0.69 | dt: 885.44ms | tok/sec: 296,060 | bf16_mfu: 0.00 | epoch: 1 pq: 6 rg: 29 | total time: 16.22m | eta: 12.7m
step 01075/01905 (56.43%) | loss: 3.454707 | lrm: 0.69 | dt: 916.26ms | tok/sec: 286,101 | bf16_mfu: 0.00 | epoch: 1 pq: 6 rg: 30 | total time: 16.24m | eta: 12.7m
step 01076/01905 (56.48%) | loss: 3.458220 | lrm: 0.69 | dt: 887.22ms | tok/sec: 295,467 | bf16_mfu: 0.00 | epoch: 1 pq: 6 rg: 30 | total time: 16.25m | eta: 12.6m
step 01077/01905 (56.54%) | loss: 3.437286 | lrm: 0.69 | dt: 917.30ms | tok/sec: 285,778 | bf16_mfu: 0.00 | epoch: 1 pq: 6 rg: 31 | total time: 16.27m | eta: 12.6m
step 01078/01905 (56.59%) | loss: 3.437685 | lrm: 0.68 | dt: 880.65ms | tok/sec: 297,670 | bf16_mfu: 0.00 | epoch: 1 pq: 6 rg: 31 | total time: 16.28m | eta: 12.6m
[2026-08-11 17:06:49] OK   tokenizer -> gdrive:/tokenizer
step 01079/01905 (56.64%) | loss: 3.416431 | lrm: 0.68 | dt: 957.96ms | tok/sec: 273,646 | bf16_mfu: 0.00 | epoch: 1 pq: 6 rg: 32 | total time: 16.30m | eta: 12.6m
step 01080/01905 (56.69%) | loss: 3.422039 | lrm: 0.68 | dt: 890.11ms | tok/sec: 294,509 | bf16_mfu: 0.00 | epoch: 1 pq: 6 rg: 32 | total time: 16.31m | eta: 12.6m
[2026-08-11 17:06:51] OK   base_checkpoints -> gdrive:/base_checkpoints
step 01081/01905 (56.75%) | loss: 3.445729 | lrm: 0.68 | dt: 950.91ms | tok/sec: 275,677 | bf16_mfu: 0.00 | epoch: 1 pq: 6 rg: 33 | total time: 16.33m | eta: 12.6m
step 01082/01905 (56.80%) | loss: 3.448793 | lrm: 0.68 | dt: 905.29ms | tok/sec: 289,568 | bf16_mfu: 0.00 | epoch: 1 pq: 6 rg: 33 | total time: 16.34m | eta: 12.5m
step 01083/01905 (56.85%) | loss: 3.437357 | lrm: 0.68 | dt: 938.50ms | tok/sec: 279,322 | bf16_mfu: 0.00 | epoch: 1 pq: 6 rg: 34 | total time: 16.36m | eta: 12.5m
step 01084/01905 (56.90%) | loss: 3.496292 | lrm: 0.68 | dt: 906.47ms | tok/sec: 289,190 | bf16_mfu: 0.00 | epoch: 1 pq: 6 rg: 34 | total time: 16.37m | eta: 12.5m
step 01085/01905 (56.96%) | loss: 3.455902 | lrm: 0.68 | dt: 936.27ms | tok/sec: 279,986 | bf16_mfu: 0.00 | epoch: 1 pq: 6 rg: 35 | total time: 16.39m | eta: 12.5m
step 01086/01905 (57.01%) | loss: 3.466979 | lrm: 0.68 | dt: 906.32ms | tok/sec: 289,239 | bf16_mfu: 0.00 | epoch: 1 pq: 6 rg: 35 | total time: 16.40m | eta: 12.5m
step 01087/01905 (57.06%) | loss: 3.477175 | lrm: 0.68 | dt: 904.99ms | tok/sec: 289,665 | bf16_mfu: 0.00 | epoch: 1 pq: 6 rg: 36 | total time: 16.42m | eta: 12.5m
step 01088/01905 (57.11%) | loss: 3.460501 | lrm: 0.68 | dt: 884.93ms | tok/sec: 296,232 | bf16_mfu: 0.00 | epoch: 1 pq: 6 rg: 36 | total time: 16.43m | eta: 12.5m
step 01089/01905 (57.17%) | loss: 3.471453 | lrm: 0.68 | dt: 878.25ms | tok/sec: 298,483 | bf16_mfu: 0.00 | epoch: 1 pq: 6 rg: 36 | total time: 16.45m | eta: 12.4m
step 01090/01905 (57.22%) | loss: 3.427389 | lrm: 0.68 | dt: 895.48ms | tok/sec: 292,740 | bf16_mfu: 0.00 | epoch: 1 pq: 6 rg: 37 | total time: 16.46m | eta: 12.4m
step 01091/01905 (57.27%) | loss: 3.432883 | lrm: 0.67 | dt: 879.31ms | tok/sec: 298,124 | bf16_mfu: 0.00 | epoch: 1 pq: 6 rg: 37 | total time: 16.48m | eta: 12.4m
step 01092/01905 (57.32%) | loss: 3.437620 | lrm: 0.67 | dt: 922.71ms | tok/sec: 284,102 | bf16_mfu: 0.00 | epoch: 1 pq: 6 rg: 38 | total time: 16.49m | eta: 12.4m
step 01093/01905 (57.38%) | loss: 3.397075 | lrm: 0.67 | dt: 879.69ms | tok/sec: 297,997 | bf16_mfu: 0.00 | epoch: 1 pq: 6 rg: 38 | total time: 16.51m | eta: 12.4m
step 01094/01905 (57.43%) | loss: 3.408465 | lrm: 0.67 | dt: 922.58ms | tok/sec: 284,141 | bf16_mfu: 0.00 | epoch: 1 pq: 6 rg: 39 | total time: 16.52m | eta: 12.4m
step 01095/01905 (57.48%) | loss: 3.409478 | lrm: 0.67 | dt: 898.23ms | tok/sec: 291,844 | bf16_mfu: 0.00 | epoch: 1 pq: 6 rg: 39 | total time: 16.54m | eta: 12.3m
step 01096/01905 (57.53%) | loss: 3.409704 | lrm: 0.67 | dt: 896.03ms | tok/sec: 292,561 | bf16_mfu: 0.00 | epoch: 1 pq: 6 rg: 40 | total time: 16.55m | eta: 12.3m
step 01097/01905 (57.59%) | loss: 3.414298 | lrm: 0.67 | dt: 892.50ms | tok/sec: 293,717 | bf16_mfu: 0.00 | epoch: 1 pq: 6 rg: 40 | total time: 16.57m | eta: 12.3m
step 01098/01905 (57.64%) | loss: 3.412386 | lrm: 0.67 | dt: 909.23ms | tok/sec: 288,315 | bf16_mfu: 0.00 | epoch: 1 pq: 6 rg: 41 | total time: 16.58m | eta: 12.3m
step 01099/01905 (57.69%) | loss: 3.409975 | lrm: 0.67 | dt: 876.34ms | tok/sec: 299,135 | bf16_mfu: 0.00 | epoch: 1 pq: 6 rg: 41 | total time: 16.60m | eta: 12.3m
step 01100/01905 (57.74%) | loss: 3.447003 | lrm: 0.67 | dt: 899.90ms | tok/sec: 291,304 | bf16_mfu: 0.00 | epoch: 1 pq: 6 rg: 42 | total time: 16.61m | eta: 12.3m
step 01101/01905 (57.80%) | loss: 3.427246 | lrm: 0.67 | dt: 884.66ms | tok/sec: 296,320 | bf16_mfu: 0.00 | epoch: 1 pq: 6 rg: 42 | total time: 16.63m | eta: 12.3m
step 01102/01905 (57.85%) | loss: 3.422469 | lrm: 0.67 | dt: 905.26ms | tok/sec: 289,577 | bf16_mfu: 0.00 | epoch: 1 pq: 6 rg: 43 | total time: 16.64m | eta: 12.2m
step 01103/01905 (57.90%) | loss: 3.430830 | lrm: 0.67 | dt: 897.51ms | tok/sec: 292,078 | bf16_mfu: 0.00 | epoch: 1 pq: 6 rg: 43 | total time: 16.66m | eta: 12.2m
step 01104/01905 (57.95%) | loss: 3.457565 | lrm: 0.66 | dt: 919.03ms | tok/sec: 285,239 | bf16_mfu: 0.00 | epoch: 1 pq: 6 rg: 44 | total time: 16.67m | eta: 12.2m
step 01105/01905 (58.01%) | loss: 3.445322 | lrm: 0.66 | dt: 900.02ms | tok/sec: 291,265 | bf16_mfu: 0.00 | epoch: 1 pq: 6 rg: 44 | total time: 16.69m | eta: 12.2m
step 01106/01905 (58.06%) | loss: 3.424023 | lrm: 0.66 | dt: 912.17ms | tok/sec: 287,384 | bf16_mfu: 0.00 | epoch: 1 pq: 6 rg: 45 | total time: 16.70m | eta: 12.2m
step 01107/01905 (58.11%) | loss: 3.437008 | lrm: 0.66 | dt: 893.79ms | tok/sec: 293,293 | bf16_mfu: 0.00 | epoch: 1 pq: 6 rg: 45 | total time: 16.72m | eta: 12.2m
step 01108/01905 (58.16%) | loss: 3.435905 | lrm: 0.66 | dt: 946.54ms | tok/sec: 276,950 | bf16_mfu: 0.00 | epoch: 1 pq: 6 rg: 46 | total time: 16.73m | eta: 12.1m
step 01109/01905 (58.22%) | loss: 3.418869 | lrm: 0.66 | dt: 890.00ms | tok/sec: 294,543 | bf16_mfu: 0.00 | epoch: 1 pq: 6 rg: 46 | total time: 16.75m | eta: 12.1m
step 01110/01905 (58.27%) | loss: 3.393500 | lrm: 0.66 | dt: 913.05ms | tok/sec: 287,108 | bf16_mfu: 0.00 | epoch: 1 pq: 6 rg: 47 | total time: 16.76m | eta: 12.1m
step 01111/01905 (58.32%) | loss: 3.361397 | lrm: 0.66 | dt: 879.29ms | tok/sec: 298,132 | bf16_mfu: 0.00 | epoch: 1 pq: 6 rg: 47 | total time: 16.78m | eta: 12.1m
step 01112/01905 (58.37%) | loss: 3.370344 | lrm: 0.66 | dt: 912.45ms | tok/sec: 287,297 | bf16_mfu: 0.00 | epoch: 1 pq: 6 rg: 48 | total time: 16.79m | eta: 12.1m
step 01113/01905 (58.43%) | loss: 3.371357 | lrm: 0.66 | dt: 979.92ms | tok/sec: 267,516 | bf16_mfu: 0.00 | epoch: 1 pq: 6 rg: 48 | total time: 16.81m | eta: 12.1m
step 01114/01905 (58.48%) | loss: 3.362111 | lrm: 0.66 | dt: 908.66ms | tok/sec: 288,496 | bf16_mfu: 0.00 | epoch: 1 pq: 6 rg: 49 | total time: 16.83m | eta: 12.1m
step 01115/01905 (58.53%) | loss: 3.362793 | lrm: 0.66 | dt: 861.98ms | tok/sec: 304,119 | bf16_mfu: 0.00 | epoch: 1 pq: 6 rg: 49 | total time: 16.84m | eta: 12.0m
step 01116/01905 (58.58%) | loss: 3.335562 | lrm: 0.66 | dt: 879.13ms | tok/sec: 298,185 | bf16_mfu: 0.00 | epoch: 1 pq: 6 rg: 50 | total time: 16.85m | eta: 12.0m
step 01117/01905 (58.64%) | loss: 3.343664 | lrm: 0.65 | dt: 965.19ms | tok/sec: 271,597 | bf16_mfu: 0.00 | epoch: 1 pq: 6 rg: 50 | total time: 16.87m | eta: 12.0m
step 01118/01905 (58.69%) | loss: 3.368549 | lrm: 0.65 | dt: 919.54ms | tok/sec: 285,082 | bf16_mfu: 0.00 | epoch: 1 pq: 6 rg: 51 | total time: 16.89m | eta: 12.0m
step 01119/01905 (58.74%) | loss: 3.363107 | lrm: 0.65 | dt: 879.11ms | tok/sec: 298,192 | bf16_mfu: 0.00 | epoch: 1 pq: 6 rg: 51 | total time: 16.90m | eta: 12.0m
step 01120/01905 (58.79%) | loss: 3.350143 | lrm: 0.65 | dt: 912.59ms | tok/sec: 287,253 | bf16_mfu: 0.00 | epoch: 1 pq: 6 rg: 52 | total time: 16.92m | eta: 12.0m
step 01121/01905 (58.85%) | loss: 3.364301 | lrm: 0.65 | dt: 905.13ms | tok/sec: 289,620 | bf16_mfu: 0.00 | epoch: 1 pq: 6 rg: 52 | total time: 16.93m | eta: 11.9m
step 01122/01905 (58.90%) | loss: 3.395893 | lrm: 0.65 | dt: 916.43ms | tok/sec: 286,049 | bf16_mfu: 0.00 | epoch: 1 pq: 6 rg: 53 | total time: 16.95m | eta: 11.9m
step 01123/01905 (58.95%) | loss: 3.396027 | lrm: 0.65 | dt: 893.03ms | tok/sec: 293,543 | bf16_mfu: 0.00 | epoch: 1 pq: 6 rg: 53 | total time: 16.96m | eta: 11.9m
step 01124/01905 (59.00%) | loss: 3.389639 | lrm: 0.65 | dt: 922.86ms | tok/sec: 284,056 | bf16_mfu: 0.00 | epoch: 1 pq: 6 rg: 54 | total time: 16.98m | eta: 11.9m
step 01125/01905 (59.06%) | loss: 3.396431 | lrm: 0.65 | dt: 891.78ms | tok/sec: 293,955 | bf16_mfu: 0.00 | epoch: 1 pq: 6 rg: 54 | total time: 16.99m | eta: 11.9m
step 01126/01905 (59.11%) | loss: 3.376729 | lrm: 0.65 | dt: 890.41ms | tok/sec: 294,407 | bf16_mfu: 0.00 | epoch: 1 pq: 6 rg: 54 | total time: 17.01m | eta: 11.9m
step 01127/01905 (59.16%) | loss: 3.389728 | lrm: 0.65 | dt: 915.05ms | tok/sec: 286,479 | bf16_mfu: 0.00 | epoch: 1 pq: 6 rg: 55 | total time: 17.02m | eta: 11.9m
step 01128/01905 (59.21%) | loss: 3.395831 | lrm: 0.65 | dt: 890.33ms | tok/sec: 294,435 | bf16_mfu: 0.00 | epoch: 1 pq: 6 rg: 55 | total time: 17.04m | eta: 11.8m
step 01129/01905 (59.27%) | loss: 3.424005 | lrm: 0.65 | dt: 919.93ms | tok/sec: 284,961 | bf16_mfu: 0.00 | epoch: 1 pq: 6 rg: 56 | total time: 17.05m | eta: 11.8m
step 01130/01905 (59.32%) | loss: 3.409672 | lrm: 0.64 | dt: 881.00ms | tok/sec: 297,551 | bf16_mfu: 0.00 | epoch: 1 pq: 6 rg: 56 | total time: 17.07m | eta: 11.8m
step 01131/01905 (59.37%) | loss: 3.416038 | lrm: 0.64 | dt: 910.85ms | tok/sec: 287,800 | bf16_mfu: 0.00 | epoch: 1 pq: 6 rg: 57 | total time: 17.08m | eta: 11.8m
step 01132/01905 (59.42%) | loss: 3.419385 | lrm: 0.64 | dt: 890.30ms | tok/sec: 294,445 | bf16_mfu: 0.00 | epoch: 1 pq: 6 rg: 57 | total time: 17.10m | eta: 11.8m
step 01133/01905 (59.48%) | loss: 3.410043 | lrm: 0.64 | dt: 937.32ms | tok/sec: 279,672 | bf16_mfu: 0.00 | epoch: 1 pq: 6 rg: 58 | total time: 17.11m | eta: 11.8m
step 01134/01905 (59.53%) | loss: 3.430389 | lrm: 0.64 | dt: 894.24ms | tok/sec: 293,147 | bf16_mfu: 0.00 | epoch: 1 pq: 6 rg: 58 | total time: 17.13m | eta: 11.7m
step 01135/01905 (59.58%) | loss: 3.407988 | lrm: 0.64 | dt: 905.53ms | tok/sec: 289,493 | bf16_mfu: 0.00 | epoch: 1 pq: 6 rg: 59 | total time: 17.14m | eta: 11.7m
step 01136/01905 (59.63%) | loss: 3.410794 | lrm: 0.64 | dt: 886.91ms | tok/sec: 295,568 | bf16_mfu: 0.00 | epoch: 1 pq: 6 rg: 59 | total time: 17.16m | eta: 11.7m
step 01137/01905 (59.69%) | loss: 3.396063 | lrm: 0.64 | dt: 914.92ms | tok/sec: 286,521 | bf16_mfu: 0.00 | epoch: 1 pq: 6 rg: 60 | total time: 17.17m | eta: 11.7m
step 01138/01905 (59.74%) | loss: 3.369947 | lrm: 0.64 | dt: 897.81ms | tok/sec: 291,983 | bf16_mfu: 0.00 | epoch: 1 pq: 6 rg: 60 | total time: 17.19m | eta: 11.7m
step 01139/01905 (59.79%) | loss: 3.367791 | lrm: 0.64 | dt: 968.36ms | tok/sec: 270,710 | bf16_mfu: 0.00 | epoch: 1 pq: 6 rg: 61 | total time: 17.20m | eta: 11.7m
step 01140/01905 (59.84%) | loss: 3.345031 | lrm: 0.64 | dt: 888.51ms | tok/sec: 295,036 | bf16_mfu: 0.00 | epoch: 1 pq: 6 rg: 61 | total time: 17.22m | eta: 11.7m
step 01141/01905 (59.90%) | loss: 3.328566 | lrm: 0.64 | dt: 921.15ms | tok/sec: 284,583 | bf16_mfu: 0.00 | epoch: 1 pq: 6 rg: 62 | total time: 17.23m | eta: 11.6m
step 01142/01905 (59.95%) | loss: 3.317826 | lrm: 0.64 | dt: 889.22ms | tok/sec: 294,803 | bf16_mfu: 0.00 | epoch: 1 pq: 6 rg: 62 | total time: 17.25m | eta: 11.6m
step 01143/01905 (60.00%) | loss: 3.338883 | lrm: 0.63 | dt: 923.94ms | tok/sec: 283,723 | bf16_mfu: 0.00 | epoch: 1 pq: 6 rg: 63 | total time: 17.26m | eta: 11.6m
step 01144/01905 (60.05%) | loss: 3.343129 | lrm: 0.63 | dt: 893.36ms | tok/sec: 293,435 | bf16_mfu: 0.00 | epoch: 1 pq: 6 rg: 63 | total time: 17.28m | eta: 11.6m
step 01145/01905 (60.10%) | loss: 3.363919 | lrm: 0.63 | dt: 908.15ms | tok/sec: 288,657 | bf16_mfu: 0.00 | epoch: 1 pq: 6 rg: 64 | total time: 17.29m | eta: 11.6m
step 01146/01905 (60.16%) | loss: 3.394079 | lrm: 0.63 | dt: 880.56ms | tok/sec: 297,700 | bf16_mfu: 0.00 | epoch: 1 pq: 6 rg: 64 | total time: 17.31m | eta: 11.6m
step 01147/01905 (60.21%) | loss: 3.414724 | lrm: 0.63 | dt: 910.43ms | tok/sec: 287,934 | bf16_mfu: 0.00 | epoch: 1 pq: 6 rg: 65 | total time: 17.32m | eta: 11.5m
step 01148/01905 (60.26%) | loss: 3.427823 | lrm: 0.63 | dt: 874.68ms | tok/sec: 299,703 | bf16_mfu: 0.00 | epoch: 1 pq: 6 rg: 65 | total time: 17.34m | eta: 11.5m
[2026-08-11 17:07:52] OK   tokenizer -> gdrive:/tokenizer
step 01149/01905 (60.31%) | loss: 3.407751 | lrm: 0.63 | dt: 899.87ms | tok/sec: 291,312 | bf16_mfu: 0.00 | epoch: 1 pq: 6 rg: 66 | total time: 17.35m | eta: 11.5m
step 01150/01905 (60.37%) | loss: 3.405188 | lrm: 0.63 | dt: 895.19ms | tok/sec: 292,835 | bf16_mfu: 0.00 | epoch: 1 pq: 6 rg: 66 | total time: 17.37m | eta: 11.5m
[2026-08-11 17:07:54] OK   base_checkpoints -> gdrive:/base_checkpoints
step 01151/01905 (60.42%) | loss: 3.410788 | lrm: 0.63 | dt: 922.47ms | tok/sec: 284,175 | bf16_mfu: 0.00 | epoch: 1 pq: 6 rg: 67 | total time: 17.38m | eta: 11.5m
step 01152/01905 (60.47%) | loss: 3.410261 | lrm: 0.63 | dt: 883.06ms | tok/sec: 296,860 | bf16_mfu: 0.00 | epoch: 1 pq: 6 rg: 67 | total time: 17.40m | eta: 11.5m
step 01153/01905 (60.52%) | loss: 3.375301 | lrm: 0.63 | dt: 905.60ms | tok/sec: 289,468 | bf16_mfu: 0.00 | epoch: 1 pq: 6 rg: 68 | total time: 17.41m | eta: 11.5m
step 01154/01905 (60.58%) | loss: 3.380496 | lrm: 0.63 | dt: 900.97ms | tok/sec: 290,956 | bf16_mfu: 0.00 | epoch: 1 pq: 6 rg: 68 | total time: 17.43m | eta: 11.4m
step 01155/01905 (60.63%) | loss: 3.368057 | lrm: 0.63 | dt: 913.66ms | tok/sec: 286,915 | bf16_mfu: 0.00 | epoch: 1 pq: 6 rg: 69 | total time: 17.44m | eta: 11.4m
step 01156/01905 (60.68%) | loss: 3.370873 | lrm: 0.62 | dt: 896.36ms | tok/sec: 292,452 | bf16_mfu: 0.00 | epoch: 1 pq: 6 rg: 69 | total time: 17.46m | eta: 11.4m
step 01157/01905 (60.73%) | loss: 3.382017 | lrm: 0.62 | dt: 926.03ms | tok/sec: 283,083 | bf16_mfu: 0.00 | epoch: 1 pq: 6 rg: 70 | total time: 17.47m | eta: 11.4m
step 01158/01905 (60.79%) | loss: 3.394301 | lrm: 0.62 | dt: 887.99ms | tok/sec: 295,209 | bf16_mfu: 0.00 | epoch: 1 pq: 6 rg: 70 | total time: 17.49m | eta: 11.4m
step 01159/01905 (60.84%) | loss: 3.385860 | lrm: 0.62 | dt: 863.34ms | tok/sec: 303,639 | bf16_mfu: 0.00 | epoch: 1 pq: 6 rg: 70 | total time: 17.50m | eta: 11.4m
step 01160/01905 (60.89%) | loss: 3.379180 | lrm: 0.62 | dt: 881.75ms | tok/sec: 297,299 | bf16_mfu: 0.00 | epoch: 1 pq: 6 rg: 71 | total time: 17.52m | eta: 11.3m
step 01161/01905 (60.94%) | loss: 3.395823 | lrm: 0.62 | dt: 895.69ms | tok/sec: 292,671 | bf16_mfu: 0.00 | epoch: 1 pq: 6 rg: 71 | total time: 17.53m | eta: 11.3m
step 01162/01905 (61.00%) | loss: 3.396546 | lrm: 0.62 | dt: 920.28ms | tok/sec: 284,851 | bf16_mfu: 0.00 | epoch: 1 pq: 6 rg: 72 | total time: 17.55m | eta: 11.3m
step 01163/01905 (61.05%) | loss: 3.392004 | lrm: 0.62 | dt: 881.36ms | tok/sec: 297,430 | bf16_mfu: 0.00 | epoch: 1 pq: 6 rg: 72 | total time: 17.56m | eta: 11.3m
step 01164/01905 (61.10%) | loss: 3.375663 | lrm: 0.62 | dt: 913.25ms | tok/sec: 287,046 | bf16_mfu: 0.00 | epoch: 1 pq: 6 rg: 73 | total time: 17.58m | eta: 11.3m
step 01165/01905 (61.15%) | loss: 3.334581 | lrm: 0.62 | dt: 878.61ms | tok/sec: 298,361 | bf16_mfu: 0.00 | epoch: 1 pq: 6 rg: 73 | total time: 17.59m | eta: 11.3m
step 01166/01905 (61.21%) | loss: 3.349900 | lrm: 0.62 | dt: 992.43ms | tok/sec: 264,143 | bf16_mfu: 0.00 | epoch: 1 pq: 6 rg: 74 | total time: 17.61m | eta: 11.3m
step 01167/01905 (61.26%) | loss: 3.326797 | lrm: 0.62 | dt: 897.19ms | tok/sec: 292,184 | bf16_mfu: 0.00 | epoch: 1 pq: 6 rg: 74 | total time: 17.62m | eta: 11.2m
step 01168/01905 (61.31%) | loss: 3.329626 | lrm: 0.62 | dt: 917.09ms | tok/sec: 285,842 | bf16_mfu: 0.00 | epoch: 1 pq: 6 rg: 75 | total time: 17.64m | eta: 11.2m
step 01169/01905 (61.36%) | loss: 3.341004 | lrm: 0.61 | dt: 892.32ms | tok/sec: 293,779 | bf16_mfu: 0.00 | epoch: 1 pq: 6 rg: 75 | total time: 17.65m | eta: 11.2m
step 01170/01905 (61.42%) | loss: 3.326127 | lrm: 0.61 | dt: 913.83ms | tok/sec: 286,863 | bf16_mfu: 0.00 | epoch: 1 pq: 6 rg: 76 | total time: 17.67m | eta: 11.2m
step 01171/01905 (61.47%) | loss: 3.325230 | lrm: 0.61 | dt: 924.97ms | tok/sec: 283,406 | bf16_mfu: 0.00 | epoch: 1 pq: 6 rg: 76 | total time: 17.68m | eta: 11.2m
step 01172/01905 (61.52%) | loss: 3.317943 | lrm: 0.61 | dt: 910.44ms | tok/sec: 287,931 | bf16_mfu: 0.00 | epoch: 1 pq: 6 rg: 77 | total time: 17.70m | eta: 11.2m
step 01173/01905 (61.57%) | loss: 3.313637 | lrm: 0.61 | dt: 889.93ms | tok/sec: 294,566 | bf16_mfu: 0.00 | epoch: 1 pq: 6 rg: 77 | total time: 17.71m | eta: 11.1m
step 01174/01905 (61.63%) | loss: 3.324704 | lrm: 0.61 | dt: 913.80ms | tok/sec: 286,873 | bf16_mfu: 0.00 | epoch: 1 pq: 6 rg: 78 | total time: 17.73m | eta: 11.1m
step 01175/01905 (61.68%) | loss: 3.329304 | lrm: 0.61 | dt: 874.20ms | tok/sec: 299,866 | bf16_mfu: 0.00 | epoch: 1 pq: 6 rg: 78 | total time: 17.74m | eta: 11.1m
step 01176/01905 (61.73%) | loss: 3.316541 | lrm: 0.61 | dt: 876.05ms | tok/sec: 299,235 | bf16_mfu: 0.00 | epoch: 1 pq: 6 rg: 79 | total time: 17.76m | eta: 11.1m
step 01177/01905 (61.78%) | loss: 3.335506 | lrm: 0.61 | dt: 863.75ms | tok/sec: 303,495 | bf16_mfu: 0.00 | epoch: 1 pq: 6 rg: 79 | total time: 17.77m | eta: 11.1m
step 01178/01905 (61.84%) | loss: 3.326467 | lrm: 0.61 | dt: 874.64ms | tok/sec: 299,716 | bf16_mfu: 0.00 | epoch: 1 pq: 6 rg: 80 | total time: 17.79m | eta: 11.1m
step 01179/01905 (61.89%) | loss: 3.344044 | lrm: 0.61 | dt: 864.73ms | tok/sec: 303,149 | bf16_mfu: 0.00 | epoch: 1 pq: 6 rg: 80 | total time: 17.80m | eta: 11.1m
step 01180/01905 (61.94%) | loss: 3.344342 | lrm: 0.61 | dt: 924.24ms | tok/sec: 283,630 | bf16_mfu: 0.00 | epoch: 1 pq: 6 rg: 81 | total time: 17.82m | eta: 11.0m
step 01181/01905 (61.99%) | loss: 3.352161 | lrm: 0.61 | dt: 900.61ms | tok/sec: 291,075 | bf16_mfu: 0.00 | epoch: 1 pq: 6 rg: 81 | total time: 17.83m | eta: 11.0m
step 01182/01905 (62.05%) | loss: 3.325095 | lrm: 0.60 | dt: 912.25ms | tok/sec: 287,361 | bf16_mfu: 0.00 | epoch: 1 pq: 7 rg: 0 | total time: 17.85m | eta: 11.0m
step 01183/01905 (62.10%) | loss: 3.327323 | lrm: 0.60 | dt: 877.16ms | tok/sec: 298,855 | bf16_mfu: 0.00 | epoch: 1 pq: 7 rg: 0 | total time: 17.86m | eta: 11.0m
step 01184/01905 (62.15%) | loss: 3.390663 | lrm: 0.60 | dt: 894.44ms | tok/sec: 293,082 | bf16_mfu: 0.00 | epoch: 1 pq: 7 rg: 1 | total time: 17.88m | eta: 11.0m
step 01185/01905 (62.20%) | loss: 3.391966 | lrm: 0.60 | dt: 865.40ms | tok/sec: 302,917 | bf16_mfu: 0.00 | epoch: 1 pq: 7 rg: 1 | total time: 17.89m | eta: 11.0m
step 01186/01905 (62.26%) | loss: 3.387830 | lrm: 0.60 | dt: 863.42ms | tok/sec: 303,609 | bf16_mfu: 0.00 | epoch: 1 pq: 7 rg: 1 | total time: 17.91m | eta: 10.9m
step 01187/01905 (62.31%) | loss: 3.385228 | lrm: 0.60 | dt: 879.65ms | tok/sec: 298,010 | bf16_mfu: 0.00 | epoch: 1 pq: 7 rg: 2 | total time: 17.92m | eta: 10.9m
step 01188/01905 (62.36%) | loss: 3.394536 | lrm: 0.60 | dt: 863.50ms | tok/sec: 303,582 | bf16_mfu: 0.00 | epoch: 1 pq: 7 rg: 2 | total time: 17.94m | eta: 10.9m
step 01189/01905 (62.41%) | loss: 3.378595 | lrm: 0.60 | dt: 880.06ms | tok/sec: 297,870 | bf16_mfu: 0.00 | epoch: 1 pq: 7 rg: 3 | total time: 17.95m | eta: 10.9m
step 01190/01905 (62.47%) | loss: 3.400960 | lrm: 0.60 | dt: 862.79ms | tok/sec: 303,831 | bf16_mfu: 0.00 | epoch: 1 pq: 7 rg: 3 | total time: 17.96m | eta: 10.9m
step 01191/01905 (62.52%) | loss: 3.423972 | lrm: 0.60 | dt: 886.29ms | tok/sec: 295,776 | bf16_mfu: 0.00 | epoch: 1 pq: 7 rg: 4 | total time: 17.98m | eta: 10.9m
step 01192/01905 (62.57%) | loss: 3.409113 | lrm: 0.60 | dt: 882.38ms | tok/sec: 297,086 | bf16_mfu: 0.00 | epoch: 1 pq: 7 rg: 4 | total time: 17.99m | eta: 10.9m
step 01193/01905 (62.62%) | loss: 3.404949 | lrm: 0.60 | dt: 908.22ms | tok/sec: 288,636 | bf16_mfu: 0.00 | epoch: 1 pq: 7 rg: 5 | total time: 18.01m | eta: 10.8m
step 01194/01905 (62.68%) | loss: 3.404459 | lrm: 0.60 | dt: 914.76ms | tok/sec: 286,570 | bf16_mfu: 0.00 | epoch: 1 pq: 7 rg: 5 | total time: 18.02m | eta: 10.8m
step 01195/01905 (62.73%) | loss: 3.391935 | lrm: 0.59 | dt: 905.26ms | tok/sec: 289,579 | bf16_mfu: 0.00 | epoch: 1 pq: 7 rg: 6 | total time: 18.04m | eta: 10.8m
step 01196/01905 (62.78%) | loss: 3.383107 | lrm: 0.59 | dt: 863.01ms | tok/sec: 303,756 | bf16_mfu: 0.00 | epoch: 1 pq: 7 rg: 6 | total time: 18.05m | eta: 10.8m
step 01197/01905 (62.83%) | loss: 3.361073 | lrm: 0.59 | dt: 872.36ms | tok/sec: 300,500 | bf16_mfu: 0.00 | epoch: 1 pq: 7 rg: 7 | total time: 18.07m | eta: 10.8m
step 01198/01905 (62.89%) | loss: 3.366512 | lrm: 0.59 | dt: 862.57ms | tok/sec: 303,910 | bf16_mfu: 0.00 | epoch: 1 pq: 7 rg: 7 | total time: 18.08m | eta: 10.8m
step 01199/01905 (62.94%) | loss: 3.354058 | lrm: 0.59 | dt: 882.27ms | tok/sec: 297,125 | bf16_mfu: 0.00 | epoch: 1 pq: 7 rg: 8 | total time: 18.10m | eta: 10.7m
2026-08-11 17:08:37,851 - nanochat.checkpoint_manager - INFO - Saved model parameters to: /root/nanochat_cache/base_checkpoints/a10/model_001200.pt
2026-08-11 17:08:37,851 - nanochat.checkpoint_manager - INFO - Saved metadata to: /root/nanochat_cache/base_checkpoints/a10/meta_001200.json
2026-08-11 17:08:38,217 - nanochat.checkpoint_manager - INFO - Saved optimizer state to: /root/nanochat_cache/base_checkpoints/a10/optim_001200_rank0.pt
step 01200/01905 (62.99%) | loss: 3.360084 | lrm: 0.59 | dt: 859.30ms | tok/sec: 305,065 | bf16_mfu: 0.00 | epoch: 1 pq: 7 rg: 8 | total time: 18.11m | eta: 10.7m
step 01201/01905 (63.04%) | loss: 3.374068 | lrm: 0.59 | dt: 913.69ms | tok/sec: 286,906 | bf16_mfu: 0.00 | epoch: 1 pq: 7 rg: 9 | total time: 18.13m | eta: 10.7m
step 01202/01905 (63.10%) | loss: 3.387894 | lrm: 0.59 | dt: 880.28ms | tok/sec: 297,795 | bf16_mfu: 0.00 | epoch: 1 pq: 7 rg: 9 | total time: 18.14m | eta: 10.7m
step 01203/01905 (63.15%) | loss: 3.415647 | lrm: 0.59 | dt: 934.53ms | tok/sec: 280,509 | bf16_mfu: 0.00 | epoch: 1 pq: 7 rg: 10 | total time: 18.16m | eta: 10.7m
step 01204/01905 (63.20%) | loss: 3.414826 | lrm: 0.59 | dt: 888.70ms | tok/sec: 294,975 | bf16_mfu: 0.00 | epoch: 1 pq: 7 rg: 10 | total time: 18.17m | eta: 10.7m
step 01205/01905 (63.25%) | loss: 3.391699 | lrm: 0.59 | dt: 899.97ms | tok/sec: 291,282 | bf16_mfu: 0.00 | epoch: 1 pq: 7 rg: 11 | total time: 18.19m | eta: 10.7m
step 01206/01905 (63.31%) | loss: 3.393685 | lrm: 0.59 | dt: 908.05ms | tok/sec: 288,690 | bf16_mfu: 0.00 | epoch: 1 pq: 7 rg: 11 | total time: 18.20m | eta: 10.6m
step 01207/01905 (63.36%) | loss: 3.393261 | lrm: 0.59 | dt: 923.02ms | tok/sec: 284,006 | bf16_mfu: 0.00 | epoch: 1 pq: 7 rg: 12 | total time: 18.22m | eta: 10.6m
step 01208/01905 (63.41%) | loss: 3.398078 | lrm: 0.58 | dt: 900.10ms | tok/sec: 291,237 | bf16_mfu: 0.00 | epoch: 1 pq: 7 rg: 12 | total time: 18.23m | eta: 10.6m
step 01209/01905 (63.46%) | loss: 3.413339 | lrm: 0.58 | dt: 937.63ms | tok/sec: 279,582 | bf16_mfu: 0.00 | epoch: 1 pq: 7 rg: 13 | total time: 18.25m | eta: 10.6m
step 01210/01905 (63.52%) | loss: 3.392428 | lrm: 0.58 | dt: 895.91ms | tok/sec: 292,600 | bf16_mfu: 0.00 | epoch: 1 pq: 7 rg: 13 | total time: 18.26m | eta: 10.6m
step 01211/01905 (63.57%) | loss: 3.406652 | lrm: 0.58 | dt: 910.34ms | tok/sec: 287,963 | bf16_mfu: 0.00 | epoch: 1 pq: 7 rg: 14 | total time: 18.28m | eta: 10.6m
step 01212/01905 (63.62%) | loss: 3.408065 | lrm: 0.58 | dt: 875.88ms | tok/sec: 299,291 | bf16_mfu: 0.00 | epoch: 1 pq: 7 rg: 14 | total time: 18.29m | eta: 10.5m
step 01213/01905 (63.67%) | loss: 3.403176 | lrm: 0.58 | dt: 885.24ms | tok/sec: 296,128 | bf16_mfu: 0.00 | epoch: 1 pq: 7 rg: 15 | total time: 18.31m | eta: 10.5m
step 01214/01905 (63.73%) | loss: 3.405866 | lrm: 0.58 | dt: 1079.32ms | tok/sec: 242,878 | bf16_mfu: 0.00 | epoch: 1 pq: 7 rg: 15 | total time: 18.33m | eta: 10.5m
step 01215/01905 (63.78%) | loss: 3.388095 | lrm: 0.58 | dt: 902.59ms | tok/sec: 290,434 | bf16_mfu: 0.00 | epoch: 1 pq: 7 rg: 16 | total time: 18.34m | eta: 10.5m
step 01216/01905 (63.83%) | loss: 3.364380 | lrm: 0.58 | dt: 881.72ms | tok/sec: 297,308 | bf16_mfu: 0.00 | epoch: 1 pq: 7 rg: 16 | total time: 18.35m | eta: 10.5m
step 01217/01905 (63.88%) | loss: 3.390298 | lrm: 0.58 | dt: 915.55ms | tok/sec: 286,323 | bf16_mfu: 0.00 | epoch: 1 pq: 7 rg: 17 | total time: 18.37m | eta: 10.5m
[2026-08-11 17:08:55] OK   tokenizer -> gdrive:/tokenizer
step 01218/01905 (63.94%) | loss: 3.408254 | lrm: 0.58 | dt: 869.57ms | tok/sec: 301,465 | bf16_mfu: 0.00 | epoch: 1 pq: 7 rg: 17 | total time: 18.38m | eta: 10.5m
step 01219/01905 (63.99%) | loss: 3.397241 | lrm: 0.58 | dt: 870.75ms | tok/sec: 301,055 | bf16_mfu: 0.00 | epoch: 1 pq: 7 rg: 18 | total time: 18.40m | eta: 10.4m
step 01220/01905 (64.04%) | loss: 3.405453 | lrm: 0.58 | dt: 875.52ms | tok/sec: 299,415 | bf16_mfu: 0.00 | epoch: 1 pq: 7 rg: 18 | total time: 18.41m | eta: 10.4m
step 01221/01905 (64.09%) | loss: 3.395807 | lrm: 0.57 | dt: 889.69ms | tok/sec: 294,644 | bf16_mfu: 0.00 | epoch: 1 pq: 7 rg: 18 | total time: 18.43m | eta: 10.4m
step 01222/01905 (64.15%) | loss: 3.379898 | lrm: 0.57 | dt: 916.38ms | tok/sec: 286,063 | bf16_mfu: 0.00 | epoch: 1 pq: 7 rg: 19 | total time: 18.44m | eta: 10.4m
step 01223/01905 (64.20%) | loss: 3.394295 | lrm: 0.57 | dt: 881.13ms | tok/sec: 297,508 | bf16_mfu: 0.00 | epoch: 1 pq: 7 rg: 19 | total time: 18.46m | eta: 10.4m
step 01224/01905 (64.25%) | loss: 3.382427 | lrm: 0.57 | dt: 928.31ms | tok/sec: 282,387 | bf16_mfu: 0.00 | epoch: 1 pq: 7 rg: 20 | total time: 18.47m | eta: 10.4m
step 01225/01905 (64.30%) | loss: 3.348906 | lrm: 0.57 | dt: 987.33ms | tok/sec: 265,506 | bf16_mfu: 0.00 | epoch: 1 pq: 7 rg: 20 | total time: 18.49m | eta: 10.3m
step 01226/01905 (64.36%) | loss: 3.337866 | lrm: 0.57 | dt: 923.09ms | tok/sec: 283,986 | bf16_mfu: 0.00 | epoch: 1 pq: 7 rg: 21 | total time: 18.51m | eta: 10.3m
step 01227/01905 (64.41%) | loss: 3.357456 | lrm: 0.57 | dt: 884.53ms | tok/sec: 296,365 | bf16_mfu: 0.00 | epoch: 1 pq: 7 rg: 21 | total time: 18.52m | eta: 10.3m
step 01228/01905 (64.46%) | loss: 3.365853 | lrm: 0.57 | dt: 911.30ms | tok/sec: 287,659 | bf16_mfu: 0.00 | epoch: 1 pq: 7 rg: 22 | total time: 18.54m | eta: 10.3m
step 01229/01905 (64.51%) | loss: 3.360940 | lrm: 0.57 | dt: 867.89ms | tok/sec: 302,048 | bf16_mfu: 0.00 | epoch: 1 pq: 7 rg: 22 | total time: 18.55m | eta: 10.3m
step 01230/01905 (64.57%) | loss: 3.353065 | lrm: 0.57 | dt: 909.21ms | tok/sec: 288,321 | bf16_mfu: 0.00 | epoch: 1 pq: 7 rg: 23 | total time: 18.57m | eta: 10.3m
step 01231/01905 (64.62%) | loss: 3.354533 | lrm: 0.57 | dt: 876.07ms | tok/sec: 299,228 | bf16_mfu: 0.00 | epoch: 1 pq: 7 rg: 23 | total time: 18.58m | eta: 10.3m
step 01232/01905 (64.67%) | loss: 3.369586 | lrm: 0.57 | dt: 916.73ms | tok/sec: 285,953 | bf16_mfu: 0.00 | epoch: 1 pq: 7 rg: 24 | total time: 18.60m | eta: 10.2m
step 01233/01905 (64.72%) | loss: 3.322892 | lrm: 0.57 | dt: 870.65ms | tok/sec: 301,089 | bf16_mfu: 0.00 | epoch: 1 pq: 7 rg: 24 | total time: 18.61m | eta: 10.2m
step 01234/01905 (64.78%) | loss: 3.335537 | lrm: 0.56 | dt: 894.85ms | tok/sec: 292,946 | bf16_mfu: 0.00 | epoch: 1 pq: 7 rg: 25 | total time: 18.62m | eta: 10.2m
step 01235/01905 (64.83%) | loss: 3.363598 | lrm: 0.56 | dt: 881.29ms | tok/sec: 297,456 | bf16_mfu: 0.00 | epoch: 1 pq: 7 rg: 25 | total time: 18.64m | eta: 10.2m
step 01236/01905 (64.88%) | loss: 3.357935 | lrm: 0.56 | dt: 884.12ms | tok/sec: 296,503 | bf16_mfu: 0.00 | epoch: 1 pq: 7 rg: 26 | total time: 18.65m | eta: 10.2m
step 01237/01905 (64.93%) | loss: 3.357749 | lrm: 0.56 | dt: 889.16ms | tok/sec: 294,821 | bf16_mfu: 0.00 | epoch: 1 pq: 7 rg: 26 | total time: 18.67m | eta: 10.2m
step 01238/01905 (64.99%) | loss: 3.356384 | lrm: 0.56 | dt: 905.62ms | tok/sec: 289,463 | bf16_mfu: 0.00 | epoch: 1 pq: 7 rg: 27 | total time: 18.68m | eta: 10.1m
step 01239/01905 (65.04%) | loss: 3.362526 | lrm: 0.56 | dt: 881.22ms | tok/sec: 297,479 | bf16_mfu: 0.00 | epoch: 1 pq: 7 rg: 27 | total time: 18.70m | eta: 10.1m
step 01240/01905 (65.09%) | loss: 3.344823 | lrm: 0.56 | dt: 923.63ms | tok/sec: 283,820 | bf16_mfu: 0.00 | epoch: 1 pq: 7 rg: 28 | total time: 18.71m | eta: 10.1m
step 01241/01905 (65.14%) | loss: 3.330943 | lrm: 0.56 | dt: 894.70ms | tok/sec: 292,995 | bf16_mfu: 0.00 | epoch: 1 pq: 7 rg: 28 | total time: 18.73m | eta: 10.1m
step 01242/01905 (65.20%) | loss: 3.326992 | lrm: 0.56 | dt: 937.58ms | tok/sec: 279,597 | bf16_mfu: 0.00 | epoch: 1 pq: 7 rg: 29 | total time: 18.74m | eta: 10.1m
step 01243/01905 (65.25%) | loss: 3.321991 | lrm: 0.56 | dt: 929.02ms | tok/sec: 282,171 | bf16_mfu: 0.00 | epoch: 1 pq: 7 rg: 29 | total time: 18.76m | eta: 10.1m
step 01244/01905 (65.30%) | loss: 3.309694 | lrm: 0.56 | dt: 909.79ms | tok/sec: 288,137 | bf16_mfu: 0.00 | epoch: 1 pq: 7 rg: 30 | total time: 18.78m | eta: 10.1m
step 01245/01905 (65.35%) | loss: 3.293086 | lrm: 0.56 | dt: 890.80ms | tok/sec: 294,277 | bf16_mfu: 0.00 | epoch: 1 pq: 7 rg: 30 | total time: 18.79m | eta: 10.0m
step 01246/01905 (65.41%) | loss: 3.297129 | lrm: 0.56 | dt: 908.37ms | tok/sec: 288,586 | bf16_mfu: 0.00 | epoch: 1 pq: 7 rg: 31 | total time: 18.81m | eta: 10.0m
step 01247/01905 (65.46%) | loss: 3.322227 | lrm: 0.55 | dt: 894.91ms | tok/sec: 292,929 | bf16_mfu: 0.00 | epoch: 1 pq: 7 rg: 31 | total time: 18.82m | eta: 10.0m
step 01248/01905 (65.51%) | loss: 3.346113 | lrm: 0.55 | dt: 950.83ms | tok/sec: 275,700 | bf16_mfu: 0.00 | epoch: 1 pq: 7 rg: 32 | total time: 18.84m | eta: 10.0m
step 01249/01905 (65.56%) | loss: 3.350236 | lrm: 0.55 | dt: 903.00ms | tok/sec: 290,303 | bf16_mfu: 0.00 | epoch: 1 pq: 7 rg: 32 | total time: 18.85m | eta: 10.0m
[2026-08-11 17:09:35] OK   base_checkpoints -> gdrive:/base_checkpoints
[2026-08-11 17:10:36] OK   tokenizer -> gdrive:/tokenizer
[2026-08-11 17:10:38] OK   base_checkpoints -> gdrive:/base_checkpoints
Step 01250 | Validation bpb: 1.025286
step 01250/01905 (65.62%) | loss: 3.353598 | lrm: 0.55 | dt: 903.88ms | tok/sec: 290,020 | bf16_mfu: 0.00 | epoch: 1 pq: 7 rg: 33 | total time: 18.87m | eta: 10.0m
step 01251/01905 (65.67%) | loss: 3.333241 | lrm: 0.55 | dt: 887.66ms | tok/sec: 295,320 | bf16_mfu: 0.00 | epoch: 1 pq: 7 rg: 33 | total time: 18.88m | eta: 10.0m
step 01252/01905 (65.72%) | loss: 3.325159 | lrm: 0.55 | dt: 927.21ms | tok/sec: 282,723 | bf16_mfu: 0.00 | epoch: 1 pq: 7 rg: 34 | total time: 18.90m | eta: 9.9m
step 01253/01905 (65.77%) | loss: 3.317691 | lrm: 0.55 | dt: 907.03ms | tok/sec: 289,012 | bf16_mfu: 0.00 | epoch: 1 pq: 7 rg: 34 | total time: 18.91m | eta: 9.9m
step 01254/01905 (65.83%) | loss: 3.310113 | lrm: 0.55 | dt: 904.29ms | tok/sec: 289,888 | bf16_mfu: 0.00 | epoch: 1 pq: 7 rg: 35 | total time: 18.93m | eta: 9.9m
step 01255/01905 (65.88%) | loss: 3.320241 | lrm: 0.55 | dt: 879.94ms | tok/sec: 297,912 | bf16_mfu: 0.00 | epoch: 1 pq: 7 rg: 35 | total time: 18.94m | eta: 9.9m
step 01256/01905 (65.93%) | loss: 3.347650 | lrm: 0.55 | dt: 920.33ms | tok/sec: 284,837 | bf16_mfu: 0.00 | epoch: 1 pq: 7 rg: 36 | total time: 18.96m | eta: 9.9m
step 01257/01905 (65.98%) | loss: 3.352582 | lrm: 0.55 | dt: 888.45ms | tok/sec: 295,056 | bf16_mfu: 0.00 | epoch: 1 pq: 7 rg: 36 | total time: 18.97m | eta: 9.9m
step 01258/01905 (66.04%) | loss: 3.335311 | lrm: 0.55 | dt: 909.12ms | tok/sec: 288,349 | bf16_mfu: 0.00 | epoch: 1 pq: 7 rg: 36 | total time: 18.99m | eta: 9.8m
step 01259/01905 (66.09%) | loss: 3.323044 | lrm: 0.55 | dt: 913.93ms | tok/sec: 286,831 | bf16_mfu: 0.00 | epoch: 1 pq: 7 rg: 37 | total time: 19.00m | eta: 9.8m
step 01260/01905 (66.14%) | loss: 3.328724 | lrm: 0.54 | dt: 896.88ms | tok/sec: 292,284 | bf16_mfu: 0.00 | epoch: 1 pq: 7 rg: 37 | total time: 19.02m | eta: 9.8m
step 01261/01905 (66.19%) | loss: 3.313613 | lrm: 0.54 | dt: 917.59ms | tok/sec: 285,687 | bf16_mfu: 0.00 | epoch: 1 pq: 7 rg: 38 | total time: 19.03m | eta: 9.8m
step 01262/01905 (66.25%) | loss: 3.306373 | lrm: 0.54 | dt: 889.57ms | tok/sec: 294,685 | bf16_mfu: 0.00 | epoch: 1 pq: 7 rg: 38 | total time: 19.05m | eta: 9.8m
step 01263/01905 (66.30%) | loss: 3.328176 | lrm: 0.54 | dt: 921.25ms | tok/sec: 284,551 | bf16_mfu: 0.00 | epoch: 1 pq: 7 rg: 39 | total time: 19.06m | eta: 9.8m
step 01264/01905 (66.35%) | loss: 3.346497 | lrm: 0.54 | dt: 940.50ms | tok/sec: 278,728 | bf16_mfu: 0.00 | epoch: 1 pq: 7 rg: 39 | total time: 19.08m | eta: 9.8m
step 01265/01905 (66.40%) | loss: 3.340639 | lrm: 0.54 | dt: 918.30ms | tok/sec: 285,467 | bf16_mfu: 0.00 | epoch: 1 pq: 7 rg: 40 | total time: 19.09m | eta: 9.7m
step 01266/01905 (66.46%) | loss: 3.343659 | lrm: 0.54 | dt: 923.53ms | tok/sec: 283,851 | bf16_mfu: 0.00 | epoch: 1 pq: 7 rg: 40 | total time: 19.11m | eta: 9.7m
step 01267/01905 (66.51%) | loss: 3.341243 | lrm: 0.54 | dt: 916.35ms | tok/sec: 286,075 | bf16_mfu: 0.00 | epoch: 1 pq: 7 rg: 41 | total time: 19.12m | eta: 9.7m
step 01268/01905 (66.56%) | loss: 3.316669 | lrm: 0.54 | dt: 876.19ms | tok/sec: 299,184 | bf16_mfu: 0.00 | epoch: 1 pq: 7 rg: 41 | total time: 19.14m | eta: 9.7m
step 01269/01905 (66.61%) | loss: 3.344209 | lrm: 0.54 | dt: 917.69ms | tok/sec: 285,656 | bf16_mfu: 0.00 | epoch: 1 pq: 7 rg: 42 | total time: 19.15m | eta: 9.7m
step 01270/01905 (66.67%) | loss: 3.362416 | lrm: 0.54 | dt: 891.23ms | tok/sec: 294,136 | bf16_mfu: 0.00 | epoch: 1 pq: 7 rg: 42 | total time: 19.17m | eta: 9.7m
step 01271/01905 (66.72%) | loss: 3.359868 | lrm: 0.54 | dt: 936.62ms | tok/sec: 279,881 | bf16_mfu: 0.00 | epoch: 1 pq: 7 rg: 43 | total time: 19.18m | eta: 9.6m
step 01272/01905 (66.77%) | loss: 3.363391 | lrm: 0.54 | dt: 912.37ms | tok/sec: 287,321 | bf16_mfu: 0.00 | epoch: 1 pq: 7 rg: 43 | total time: 19.20m | eta: 9.6m
step 01273/01905 (66.82%) | loss: 3.368512 | lrm: 0.53 | dt: 963.82ms | tok/sec: 271,984 | bf16_mfu: 0.00 | epoch: 1 pq: 7 rg: 44 | total time: 19.22m | eta: 9.6m
step 01274/01905 (66.88%) | loss: 3.359054 | lrm: 0.53 | dt: 880.07ms | tok/sec: 297,866 | bf16_mfu: 0.00 | epoch: 1 pq: 7 rg: 44 | total time: 19.23m | eta: 9.6m
step 01275/01905 (66.93%) | loss: 3.380214 | lrm: 0.53 | dt: 917.77ms | tok/sec: 285,630 | bf16_mfu: 0.00 | epoch: 1 pq: 7 rg: 45 | total time: 19.25m | eta: 9.6m
step 01276/01905 (66.98%) | loss: 3.355438 | lrm: 0.53 | dt: 881.18ms | tok/sec: 297,492 | bf16_mfu: 0.00 | epoch: 1 pq: 7 rg: 45 | total time: 19.26m | eta: 9.6m
step 01277/01905 (67.03%) | loss: 3.384279 | lrm: 0.53 | dt: 908.04ms | tok/sec: 288,692 | bf16_mfu: 0.00 | epoch: 1 pq: 7 rg: 46 | total time: 19.28m | eta: 9.6m
step 01278/01905 (67.09%) | loss: 3.371085 | lrm: 0.53 | dt: 885.40ms | tok/sec: 296,074 | bf16_mfu: 0.00 | epoch: 1 pq: 7 rg: 46 | total time: 19.29m | eta: 9.5m
step 01279/01905 (67.14%) | loss: 3.395386 | lrm: 0.53 | dt: 919.98ms | tok/sec: 284,945 | bf16_mfu: 0.00 | epoch: 1 pq: 7 rg: 47 | total time: 19.31m | eta: 9.5m
step 01280/01905 (67.19%) | loss: 3.379789 | lrm: 0.53 | dt: 894.43ms | tok/sec: 293,086 | bf16_mfu: 0.00 | epoch: 1 pq: 7 rg: 47 | total time: 19.32m | eta: 9.5m
step 01281/01905 (67.24%) | loss: 3.371292 | lrm: 0.53 | dt: 910.43ms | tok/sec: 287,932 | bf16_mfu: 0.00 | epoch: 1 pq: 7 rg: 48 | total time: 19.34m | eta: 9.5m
step 01282/01905 (67.30%) | loss: 3.377186 | lrm: 0.53 | dt: 893.44ms | tok/sec: 293,409 | bf16_mfu: 0.00 | epoch: 1 pq: 7 rg: 48 | total time: 19.35m | eta: 9.5m
step 01283/01905 (67.35%) | loss: 3.388389 | lrm: 0.53 | dt: 915.96ms | tok/sec: 286,197 | bf16_mfu: 0.00 | epoch: 1 pq: 7 rg: 49 | total time: 19.37m | eta: 9.5m
step 01284/01905 (67.40%) | loss: 3.360579 | lrm: 0.53 | dt: 880.58ms | tok/sec: 297,693 | bf16_mfu: 0.00 | epoch: 1 pq: 7 rg: 49 | total time: 19.38m | eta: 9.4m
step 01285/01905 (67.45%) | loss: 3.334470 | lrm: 0.53 | dt: 922.23ms | tok/sec: 284,251 | bf16_mfu: 0.00 | epoch: 1 pq: 7 rg: 50 | total time: 19.40m | eta: 9.4m
step 01286/01905 (67.51%) | loss: 3.340592 | lrm: 0.53 | dt: 879.38ms | tok/sec: 298,099 | bf16_mfu: 0.00 | epoch: 1 pq: 7 rg: 50 | total time: 19.41m | eta: 9.4m
step 01287/01905 (67.56%) | loss: 3.346748 | lrm: 0.52 | dt: 919.55ms | tok/sec: 285,079 | bf16_mfu: 0.00 | epoch: 1 pq: 7 rg: 51 | total time: 19.43m | eta: 9.4m
step 01288/01905 (67.61%) | loss: 3.340576 | lrm: 0.52 | dt: 890.02ms | tok/sec: 294,538 | bf16_mfu: 0.00 | epoch: 1 pq: 7 rg: 51 | total time: 19.44m | eta: 9.4m
step 01289/01905 (67.66%) | loss: 3.333758 | lrm: 0.52 | dt: 914.20ms | tok/sec: 286,747 | bf16_mfu: 0.00 | epoch: 1 pq: 7 rg: 51 | total time: 19.46m | eta: 9.4m
step 01290/01905 (67.72%) | loss: 3.341535 | lrm: 0.52 | dt: 915.64ms | tok/sec: 286,296 | bf16_mfu: 0.00 | epoch: 1 pq: 7 rg: 52 | total time: 19.47m | eta: 9.4m
step 01291/01905 (67.77%) | loss: 3.349953 | lrm: 0.52 | dt: 892.90ms | tok/sec: 293,585 | bf16_mfu: 0.00 | epoch: 1 pq: 7 rg: 52 | total time: 19.49m | eta: 9.3m
step 01292/01905 (67.82%) | loss: 3.350301 | lrm: 0.52 | dt: 918.19ms | tok/sec: 285,500 | bf16_mfu: 0.00 | epoch: 1 pq: 7 rg: 53 | total time: 19.50m | eta: 9.3m
step 01293/01905 (67.87%) | loss: 3.339450 | lrm: 0.52 | dt: 889.00ms | tok/sec: 294,876 | bf16_mfu: 0.00 | epoch: 1 pq: 7 rg: 53 | total time: 19.52m | eta: 9.3m
step 01294/01905 (67.93%) | loss: 3.338182 | lrm: 0.52 | dt: 915.13ms | tok/sec: 286,456 | bf16_mfu: 0.00 | epoch: 1 pq: 7 rg: 54 | total time: 19.53m | eta: 9.3m
step 01295/01905 (67.98%) | loss: 3.350805 | lrm: 0.52 | dt: 900.52ms | tok/sec: 291,102 | bf16_mfu: 0.00 | epoch: 1 pq: 7 rg: 54 | total time: 19.55m | eta: 9.3m
step 01296/01905 (68.03%) | loss: 3.359721 | lrm: 0.52 | dt: 914.35ms | tok/sec: 286,701 | bf16_mfu: 0.00 | epoch: 1 pq: 7 rg: 55 | total time: 19.56m | eta: 9.3m
step 01297/01905 (68.08%) | loss: 3.356186 | lrm: 0.52 | dt: 889.92ms | tok/sec: 294,570 | bf16_mfu: 0.00 | epoch: 1 pq: 7 rg: 55 | total time: 19.58m | eta: 9.2m
step 01298/01905 (68.14%) | loss: 3.368094 | lrm: 0.52 | dt: 901.00ms | tok/sec: 290,946 | bf16_mfu: 0.00 | epoch: 1 pq: 7 rg: 56 | total time: 19.59m | eta: 9.2m
step 01299/01905 (68.19%) | loss: 3.366060 | lrm: 0.52 | dt: 878.20ms | tok/sec: 298,501 | bf16_mfu: 0.00 | epoch: 1 pq: 7 rg: 56 | total time: 19.61m | eta: 9.2m
step 01300/01905 (68.24%) | loss: 3.350323 | lrm: 0.51 | dt: 918.11ms | tok/sec: 285,525 | bf16_mfu: 0.00 | epoch: 1 pq: 7 rg: 57 | total time: 19.62m | eta: 9.2m
step 01301/01905 (68.29%) | loss: 3.336967 | lrm: 0.51 | dt: 877.80ms | tok/sec: 298,636 | bf16_mfu: 0.00 | epoch: 1 pq: 7 rg: 57 | total time: 19.64m | eta: 9.2m
step 01302/01905 (68.35%) | loss: 3.362877 | lrm: 0.51 | dt: 939.78ms | tok/sec: 278,943 | bf16_mfu: 0.00 | epoch: 1 pq: 7 rg: 58 | total time: 19.65m | eta: 9.2m
step 01303/01905 (68.40%) | loss: 3.367451 | lrm: 0.51 | dt: 895.08ms | tok/sec: 292,871 | bf16_mfu: 0.00 | epoch: 1 pq: 7 rg: 58 | total time: 19.67m | eta: 9.2m
step 01304/01905 (68.45%) | loss: 3.355339 | lrm: 0.51 | dt: 914.06ms | tok/sec: 286,789 | bf16_mfu: 0.00 | epoch: 1 pq: 7 rg: 59 | total time: 19.68m | eta: 9.1m
step 01305/01905 (68.50%) | loss: 3.346627 | lrm: 0.51 | dt: 881.57ms | tok/sec: 297,361 | bf16_mfu: 0.00 | epoch: 1 pq: 7 rg: 59 | total time: 19.70m | eta: 9.1m
step 01306/01905 (68.56%) | loss: 3.321191 | lrm: 0.51 | dt: 902.11ms | tok/sec: 290,590 | bf16_mfu: 0.00 | epoch: 1 pq: 7 rg: 60 | total time: 19.71m | eta: 9.1m
step 01307/01905 (68.61%) | loss: 3.332950 | lrm: 0.51 | dt: 900.70ms | tok/sec: 291,045 | bf16_mfu: 0.00 | epoch: 1 pq: 7 rg: 60 | total time: 19.73m | eta: 9.1m
step 01308/01905 (68.66%) | loss: 3.352911 | lrm: 0.51 | dt: 912.30ms | tok/sec: 287,345 | bf16_mfu: 0.00 | epoch: 1 pq: 7 rg: 61 | total time: 19.74m | eta: 9.1m
step 01309/01905 (68.71%) | loss: 3.361302 | lrm: 0.51 | dt: 881.10ms | tok/sec: 297,517 | bf16_mfu: 0.00 | epoch: 1 pq: 7 rg: 61 | total time: 19.76m | eta: 9.1m
step 01310/01905 (68.77%) | loss: 3.360157 | lrm: 0.51 | dt: 906.39ms | tok/sec: 289,216 | bf16_mfu: 0.00 | epoch: 1 pq: 7 rg: 62 | total time: 19.77m | eta: 9.0m
step 01311/01905 (68.82%) | loss: 3.359188 | lrm: 0.51 | dt: 907.10ms | tok/sec: 288,992 | bf16_mfu: 0.00 | epoch: 1 pq: 7 rg: 62 | total time: 19.79m | eta: 9.0m
step 01312/01905 (68.87%) | loss: 3.359096 | lrm: 0.51 | dt: 911.41ms | tok/sec: 287,624 | bf16_mfu: 0.00 | epoch: 1 pq: 7 rg: 63 | total time: 19.80m | eta: 9.0m
[2026-08-11 17:11:39] OK   tokenizer -> gdrive:/tokenizer
step 01313/01905 (68.92%) | loss: 3.406540 | lrm: 0.50 | dt: 920.86ms | tok/sec: 284,671 | bf16_mfu: 0.00 | epoch: 1 pq: 7 rg: 63 | total time: 19.82m | eta: 9.0m
step 01314/01905 (68.98%) | loss: 3.377750 | lrm: 0.50 | dt: 896.81ms | tok/sec: 292,306 | bf16_mfu: 0.00 | epoch: 1 pq: 7 rg: 64 | total time: 19.83m | eta: 9.0m
step 01315/01905 (69.03%) | loss: 3.366731 | lrm: 0.50 | dt: 888.43ms | tok/sec: 295,065 | bf16_mfu: 0.00 | epoch: 1 pq: 7 rg: 64 | total time: 19.85m | eta: 9.0m
[2026-08-11 17:11:41] OK   base_checkpoints -> gdrive:/base_checkpoints
step 01316/01905 (69.08%) | loss: 3.389112 | lrm: 0.50 | dt: 927.69ms | tok/sec: 282,578 | bf16_mfu: 0.00 | epoch: 1 pq: 7 rg: 65 | total time: 19.86m | eta: 9.0m
step 01317/01905 (69.13%) | loss: 3.407244 | lrm: 0.50 | dt: 931.99ms | tok/sec: 281,273 | bf16_mfu: 0.00 | epoch: 1 pq: 7 rg: 65 | total time: 19.88m | eta: 8.9m
step 01318/01905 (69.19%) | loss: 3.392140 | lrm: 0.50 | dt: 879.16ms | tok/sec: 298,174 | bf16_mfu: 0.00 | epoch: 1 pq: 7 rg: 65 | total time: 19.89m | eta: 8.9m
step 01319/01905 (69.24%) | loss: 3.373250 | lrm: 0.50 | dt: 907.35ms | tok/sec: 288,912 | bf16_mfu: 0.00 | epoch: 1 pq: 7 rg: 66 | total time: 19.91m | eta: 8.9m
step 01320/01905 (69.29%) | loss: 3.351314 | lrm: 0.50 | dt: 879.36ms | tok/sec: 298,107 | bf16_mfu: 0.00 | epoch: 1 pq: 7 rg: 66 | total time: 19.92m | eta: 8.9m
step 01321/01905 (69.34%) | loss: 3.366338 | lrm: 0.50 | dt: 918.67ms | tok/sec: 285,352 | bf16_mfu: 0.00 | epoch: 1 pq: 7 rg: 67 | total time: 19.94m | eta: 8.9m
step 01322/01905 (69.40%) | loss: 3.356132 | lrm: 0.50 | dt: 891.94ms | tok/sec: 293,904 | bf16_mfu: 0.00 | epoch: 1 pq: 7 rg: 67 | total time: 19.95m | eta: 8.9m
step 01323/01905 (69.45%) | loss: 3.374810 | lrm: 0.50 | dt: 914.98ms | tok/sec: 286,502 | bf16_mfu: 0.00 | epoch: 1 pq: 7 rg: 68 | total time: 19.97m | eta: 8.9m
step 01324/01905 (69.50%) | loss: 3.379976 | lrm: 0.50 | dt: 923.50ms | tok/sec: 283,860 | bf16_mfu: 0.00 | epoch: 1 pq: 7 rg: 68 | total time: 19.98m | eta: 8.8m
step 01325/01905 (69.55%) | loss: 3.395683 | lrm: 0.50 | dt: 904.34ms | tok/sec: 289,872 | bf16_mfu: 0.00 | epoch: 1 pq: 7 rg: 69 | total time: 20.00m | eta: 8.8m
step 01326/01905 (69.61%) | loss: 3.390387 | lrm: 0.49 | dt: 885.90ms | tok/sec: 295,905 | bf16_mfu: 0.00 | epoch: 1 pq: 7 rg: 69 | total time: 20.01m | eta: 8.8m
step 01327/01905 (69.66%) | loss: 3.384860 | lrm: 0.49 | dt: 906.99ms | tok/sec: 289,026 | bf16_mfu: 0.00 | epoch: 1 pq: 7 rg: 70 | total time: 20.03m | eta: 8.8m
step 01328/01905 (69.71%) | loss: 3.385894 | lrm: 0.49 | dt: 899.08ms | tok/sec: 291,568 | bf16_mfu: 0.00 | epoch: 1 pq: 7 rg: 70 | total time: 20.04m | eta: 8.8m
step 01329/01905 (69.76%) | loss: 3.377821 | lrm: 0.49 | dt: 922.27ms | tok/sec: 284,236 | bf16_mfu: 0.00 | epoch: 1 pq: 7 rg: 71 | total time: 20.06m | eta: 8.8m
step 01330/01905 (69.82%) | loss: 3.371691 | lrm: 0.49 | dt: 897.72ms | tok/sec: 292,009 | bf16_mfu: 0.00 | epoch: 1 pq: 7 rg: 71 | total time: 20.07m | eta: 8.7m
step 01331/01905 (69.87%) | loss: 3.362052 | lrm: 0.49 | dt: 897.36ms | tok/sec: 292,129 | bf16_mfu: 0.00 | epoch: 1 pq: 7 rg: 72 | total time: 20.09m | eta: 8.7m
step 01332/01905 (69.92%) | loss: 3.372330 | lrm: 0.49 | dt: 892.78ms | tok/sec: 293,625 | bf16_mfu: 0.00 | epoch: 1 pq: 7 rg: 72 | total time: 20.10m | eta: 8.7m
step 01333/01905 (69.97%) | loss: 3.381200 | lrm: 0.49 | dt: 918.71ms | tok/sec: 285,337 | bf16_mfu: 0.00 | epoch: 1 pq: 7 rg: 73 | total time: 20.12m | eta: 8.7m
step 01334/01905 (70.03%) | loss: 3.346102 | lrm: 0.49 | dt: 894.04ms | tok/sec: 293,214 | bf16_mfu: 0.00 | epoch: 1 pq: 7 rg: 73 | total time: 20.13m | eta: 8.7m
step 01335/01905 (70.08%) | loss: 3.355235 | lrm: 0.49 | dt: 923.43ms | tok/sec: 283,881 | bf16_mfu: 0.00 | epoch: 1 pq: 7 rg: 74 | total time: 20.15m | eta: 8.7m
step 01336/01905 (70.13%) | loss: 3.332519 | lrm: 0.49 | dt: 901.71ms | tok/sec: 290,719 | bf16_mfu: 0.00 | epoch: 1 pq: 7 rg: 74 | total time: 20.16m | eta: 8.7m
step 01337/01905 (70.18%) | loss: 3.318093 | lrm: 0.49 | dt: 903.14ms | tok/sec: 290,257 | bf16_mfu: 0.00 | epoch: 1 pq: 7 rg: 75 | total time: 20.18m | eta: 8.6m
step 01338/01905 (70.24%) | loss: 3.325790 | lrm: 0.49 | dt: 914.94ms | tok/sec: 286,516 | bf16_mfu: 0.00 | epoch: 1 pq: 7 rg: 75 | total time: 20.19m | eta: 8.6m
step 01339/01905 (70.29%) | loss: 3.313080 | lrm: 0.48 | dt: 914.74ms | tok/sec: 286,578 | bf16_mfu: 0.00 | epoch: 1 pq: 7 rg: 76 | total time: 20.21m | eta: 8.6m
step 01340/01905 (70.34%) | loss: 3.282379 | lrm: 0.48 | dt: 894.93ms | tok/sec: 292,920 | bf16_mfu: 0.00 | epoch: 1 pq: 7 rg: 76 | total time: 20.22m | eta: 8.6m
step 01341/01905 (70.39%) | loss: 3.249052 | lrm: 0.48 | dt: 929.36ms | tok/sec: 282,068 | bf16_mfu: 0.00 | epoch: 1 pq: 7 rg: 77 | total time: 20.24m | eta: 8.6m
step 01342/01905 (70.45%) | loss: 3.268372 | lrm: 0.48 | dt: 897.05ms | tok/sec: 292,229 | bf16_mfu: 0.00 | epoch: 1 pq: 7 rg: 77 | total time: 20.25m | eta: 8.6m
step 01343/01905 (70.50%) | loss: 3.266096 | lrm: 0.48 | dt: 909.18ms | tok/sec: 288,330 | bf16_mfu: 0.00 | epoch: 1 pq: 7 rg: 78 | total time: 20.27m | eta: 8.5m
step 01344/01905 (70.55%) | loss: 3.287654 | lrm: 0.48 | dt: 887.85ms | tok/sec: 295,257 | bf16_mfu: 0.00 | epoch: 1 pq: 7 rg: 78 | total time: 20.28m | eta: 8.5m
step 01345/01905 (70.60%) | loss: 3.280770 | lrm: 0.48 | dt: 943.72ms | tok/sec: 277,778 | bf16_mfu: 0.00 | epoch: 1 pq: 7 rg: 79 | total time: 20.30m | eta: 8.5m
step 01346/01905 (70.66%) | loss: 3.259106 | lrm: 0.48 | dt: 879.85ms | tok/sec: 297,941 | bf16_mfu: 0.00 | epoch: 1 pq: 7 rg: 79 | total time: 20.32m | eta: 8.5m
step 01347/01905 (70.71%) | loss: 3.263675 | lrm: 0.48 | dt: 915.98ms | tok/sec: 286,189 | bf16_mfu: 0.00 | epoch: 1 pq: 7 rg: 80 | total time: 20.33m | eta: 8.5m
step 01348/01905 (70.76%) | loss: 3.249288 | lrm: 0.48 | dt: 906.15ms | tok/sec: 289,295 | bf16_mfu: 0.00 | epoch: 1 pq: 7 rg: 80 | total time: 20.35m | eta: 8.5m
step 01349/01905 (70.81%) | loss: 3.239511 | lrm: 0.48 | dt: 902.19ms | tok/sec: 290,563 | bf16_mfu: 0.00 | epoch: 1 pq: 7 rg: 81 | total time: 20.36m | eta: 8.5m
step 01350/01905 (70.87%) | loss: 3.238768 | lrm: 0.48 | dt: 901.67ms | tok/sec: 290,730 | bf16_mfu: 0.00 | epoch: 1 pq: 7 rg: 81 | total time: 20.38m | eta: 8.4m
step 01351/01905 (70.92%) | loss: 3.252285 | lrm: 0.48 | dt: 911.12ms | tok/sec: 287,715 | bf16_mfu: 0.00 | epoch: 1 pq: 8 rg: 0 | total time: 20.39m | eta: 8.4m
step 01352/01905 (70.97%) | loss: 3.248716 | lrm: 0.47 | dt: 903.21ms | tok/sec: 290,237 | bf16_mfu: 0.00 | epoch: 1 pq: 8 rg: 0 | total time: 20.41m | eta: 8.4m
step 01353/01905 (71.02%) | loss: 3.261644 | lrm: 0.47 | dt: 930.46ms | tok/sec: 281,735 | bf16_mfu: 0.00 | epoch: 1 pq: 8 rg: 1 | total time: 20.42m | eta: 8.4m
step 01354/01905 (71.08%) | loss: 3.278781 | lrm: 0.47 | dt: 892.20ms | tok/sec: 293,817 | bf16_mfu: 0.00 | epoch: 1 pq: 8 rg: 1 | total time: 20.44m | eta: 8.4m
step 01355/01905 (71.13%) | loss: 3.264420 | lrm: 0.47 | dt: 938.24ms | tok/sec: 279,400 | bf16_mfu: 0.00 | epoch: 1 pq: 8 rg: 2 | total time: 20.45m | eta: 8.4m
step 01356/01905 (71.18%) | loss: 3.273728 | lrm: 0.47 | dt: 906.99ms | tok/sec: 289,026 | bf16_mfu: 0.00 | epoch: 1 pq: 8 rg: 2 | total time: 20.47m | eta: 8.3m
step 01357/01905 (71.23%) | loss: 3.278605 | lrm: 0.47 | dt: 914.08ms | tok/sec: 286,784 | bf16_mfu: 0.00 | epoch: 1 pq: 8 rg: 3 | total time: 20.48m | eta: 8.3m
step 01358/01905 (71.29%) | loss: 3.282237 | lrm: 0.47 | dt: 884.15ms | tok/sec: 296,493 | bf16_mfu: 0.00 | epoch: 1 pq: 8 rg: 3 | total time: 20.50m | eta: 8.3m
step 01359/01905 (71.34%) | loss: 3.277260 | lrm: 0.47 | dt: 894.27ms | tok/sec: 293,135 | bf16_mfu: 0.00 | epoch: 1 pq: 8 rg: 3 | total time: 20.51m | eta: 8.3m
step 01360/01905 (71.39%) | loss: 3.292928 | lrm: 0.47 | dt: 917.73ms | tok/sec: 285,643 | bf16_mfu: 0.00 | epoch: 1 pq: 8 rg: 4 | total time: 20.53m | eta: 8.3m
step 01361/01905 (71.44%) | loss: 3.304451 | lrm: 0.47 | dt: 890.67ms | tok/sec: 294,322 | bf16_mfu: 0.00 | epoch: 1 pq: 8 rg: 4 | total time: 20.54m | eta: 8.3m
step 01362/01905 (71.50%) | loss: 3.276266 | lrm: 0.47 | dt: 911.43ms | tok/sec: 287,617 | bf16_mfu: 0.00 | epoch: 1 pq: 8 rg: 5 | total time: 20.56m | eta: 8.3m
step 01363/01905 (71.55%) | loss: 3.283935 | lrm: 0.47 | dt: 923.22ms | tok/sec: 283,945 | bf16_mfu: 0.00 | epoch: 1 pq: 8 rg: 5 | total time: 20.57m | eta: 8.2m
step 01364/01905 (71.60%) | loss: 3.316991 | lrm: 0.47 | dt: 930.08ms | tok/sec: 281,851 | bf16_mfu: 0.00 | epoch: 1 pq: 8 rg: 6 | total time: 20.59m | eta: 8.2m
step 01365/01905 (71.65%) | loss: 3.317729 | lrm: 0.46 | dt: 962.57ms | tok/sec: 272,338 | bf16_mfu: 0.00 | epoch: 1 pq: 8 rg: 6 | total time: 20.60m | eta: 8.2m
step 01366/01905 (71.71%) | loss: 3.330004 | lrm: 0.46 | dt: 913.57ms | tok/sec: 286,945 | bf16_mfu: 0.00 | epoch: 1 pq: 8 rg: 7 | total time: 20.62m | eta: 8.2m
step 01367/01905 (71.76%) | loss: 3.348855 | lrm: 0.46 | dt: 889.53ms | tok/sec: 294,700 | bf16_mfu: 0.00 | epoch: 1 pq: 8 rg: 7 | total time: 20.63m | eta: 8.2m
step 01368/01905 (71.81%) | loss: 3.352109 | lrm: 0.46 | dt: 894.94ms | tok/sec: 292,918 | bf16_mfu: 0.00 | epoch: 1 pq: 8 rg: 8 | total time: 20.65m | eta: 8.2m
step 01369/01905 (71.86%) | loss: 3.344786 | lrm: 0.46 | dt: 868.41ms | tok/sec: 301,866 | bf16_mfu: 0.00 | epoch: 1 pq: 8 rg: 8 | total time: 20.66m | eta: 8.1m
step 01370/01905 (71.92%) | loss: 3.341177 | lrm: 0.46 | dt: 922.19ms | tok/sec: 284,262 | bf16_mfu: 0.00 | epoch: 1 pq: 8 rg: 9 | total time: 20.68m | eta: 8.1m
step 01371/01905 (71.97%) | loss: 3.356348 | lrm: 0.46 | dt: 889.51ms | tok/sec: 294,707 | bf16_mfu: 0.00 | epoch: 1 pq: 8 rg: 9 | total time: 20.69m | eta: 8.1m
step 01372/01905 (72.02%) | loss: 3.382321 | lrm: 0.46 | dt: 911.64ms | tok/sec: 287,552 | bf16_mfu: 0.00 | epoch: 1 pq: 8 rg: 10 | total time: 20.71m | eta: 8.1m
step 01373/01905 (72.07%) | loss: 3.385492 | lrm: 0.46 | dt: 887.28ms | tok/sec: 295,447 | bf16_mfu: 0.00 | epoch: 1 pq: 8 rg: 10 | total time: 20.72m | eta: 8.1m
step 01374/01905 (72.13%) | loss: 3.386146 | lrm: 0.46 | dt: 884.15ms | tok/sec: 296,493 | bf16_mfu: 0.00 | epoch: 1 pq: 8 rg: 11 | total time: 20.74m | eta: 8.1m
step 01375/01905 (72.18%) | loss: 3.369453 | lrm: 0.46 | dt: 859.42ms | tok/sec: 305,024 | bf16_mfu: 0.00 | epoch: 1 pq: 8 rg: 11 | total time: 20.75m | eta: 8.1m
step 01376/01905 (72.23%) | loss: 3.382002 | lrm: 0.46 | dt: 876.81ms | tok/sec: 298,975 | bf16_mfu: 0.00 | epoch: 1 pq: 8 rg: 12 | total time: 20.77m | eta: 8.0m
step 01377/01905 (72.28%) | loss: 3.371115 | lrm: 0.46 | dt: 879.53ms | tok/sec: 298,048 | bf16_mfu: 0.00 | epoch: 1 pq: 8 rg: 12 | total time: 20.78m | eta: 8.0m
step 01378/01905 (72.34%) | loss: 3.351517 | lrm: 0.45 | dt: 910.18ms | tok/sec: 288,013 | bf16_mfu: 0.00 | epoch: 1 pq: 8 rg: 13 | total time: 20.80m | eta: 8.0m
step 01379/01905 (72.39%) | loss: 3.333452 | lrm: 0.45 | dt: 892.86ms | tok/sec: 293,600 | bf16_mfu: 0.00 | epoch: 1 pq: 8 rg: 13 | total time: 20.81m | eta: 8.0m
step 01380/01905 (72.44%) | loss: 3.344759 | lrm: 0.45 | dt: 879.40ms | tok/sec: 298,095 | bf16_mfu: 0.00 | epoch: 1 pq: 8 rg: 13 | total time: 20.83m | eta: 8.0m
step 01381/01905 (72.49%) | loss: 3.340469 | lrm: 0.45 | dt: 877.72ms | tok/sec: 298,664 | bf16_mfu: 0.00 | epoch: 1 pq: 8 rg: 14 | total time: 20.84m | eta: 8.0m
step 01382/01905 (72.55%) | loss: 3.346448 | lrm: 0.45 | dt: 871.13ms | tok/sec: 300,922 | bf16_mfu: 0.00 | epoch: 1 pq: 8 rg: 14 | total time: 20.86m | eta: 8.0m
[2026-08-11 17:12:42] OK   tokenizer -> gdrive:/tokenizer
step 01383/01905 (72.60%) | loss: 3.354112 | lrm: 0.45 | dt: 878.26ms | tok/sec: 298,479 | bf16_mfu: 0.00 | epoch: 1 pq: 8 rg: 15 | total time: 20.87m | eta: 7.9m
step 01384/01905 (72.65%) | loss: 3.366543 | lrm: 0.45 | dt: 877.22ms | tok/sec: 298,835 | bf16_mfu: 0.00 | epoch: 1 pq: 8 rg: 15 | total time: 20.89m | eta: 7.9m
[2026-08-11 17:12:44] OK   base_checkpoints -> gdrive:/base_checkpoints
step 01385/01905 (72.70%) | loss: 3.348393 | lrm: 0.45 | dt: 921.11ms | tok/sec: 284,594 | bf16_mfu: 0.00 | epoch: 1 pq: 8 rg: 16 | total time: 20.90m | eta: 7.9m
step 01386/01905 (72.76%) | loss: 3.314259 | lrm: 0.45 | dt: 900.48ms | tok/sec: 291,116 | bf16_mfu: 0.00 | epoch: 1 pq: 8 rg: 16 | total time: 20.92m | eta: 7.9m
step 01387/01905 (72.81%) | loss: 3.306514 | lrm: 0.45 | dt: 917.00ms | tok/sec: 285,871 | bf16_mfu: 0.00 | epoch: 1 pq: 8 rg: 17 | total time: 20.93m | eta: 7.9m
step 01388/01905 (72.86%) | loss: 3.333865 | lrm: 0.45 | dt: 885.05ms | tok/sec: 296,192 | bf16_mfu: 0.00 | epoch: 1 pq: 8 rg: 17 | total time: 20.95m | eta: 7.9m
step 01389/01905 (72.91%) | loss: 3.306304 | lrm: 0.45 | dt: 919.34ms | tok/sec: 285,143 | bf16_mfu: 0.00 | epoch: 1 pq: 8 rg: 18 | total time: 20.96m | eta: 7.8m
step 01390/01905 (72.97%) | loss: 3.319044 | lrm: 0.45 | dt: 896.84ms | tok/sec: 292,296 | bf16_mfu: 0.00 | epoch: 1 pq: 8 rg: 18 | total time: 20.98m | eta: 7.8m
step 01391/01905 (73.02%) | loss: 3.327170 | lrm: 0.44 | dt: 920.62ms | tok/sec: 284,745 | bf16_mfu: 0.00 | epoch: 1 pq: 8 rg: 19 | total time: 20.99m | eta: 7.8m
step 01392/01905 (73.07%) | loss: 3.299931 | lrm: 0.44 | dt: 1019.45ms | tok/sec: 257,142 | bf16_mfu: 0.00 | epoch: 1 pq: 8 rg: 19 | total time: 21.01m | eta: 7.8m
step 01393/01905 (73.12%) | loss: 3.302608 | lrm: 0.44 | dt: 914.44ms | tok/sec: 286,671 | bf16_mfu: 0.00 | epoch: 1 pq: 8 rg: 20 | total time: 21.02m | eta: 7.8m
step 01394/01905 (73.18%) | loss: 3.322180 | lrm: 0.44 | dt: 869.79ms | tok/sec: 301,388 | bf16_mfu: 0.00 | epoch: 1 pq: 8 rg: 20 | total time: 21.04m | eta: 7.8m
step 01395/01905 (73.23%) | loss: 3.316025 | lrm: 0.44 | dt: 921.57ms | tok/sec: 284,452 | bf16_mfu: 0.00 | epoch: 1 pq: 8 rg: 21 | total time: 21.05m | eta: 7.8m
step 01396/01905 (73.28%) | loss: 3.331881 | lrm: 0.44 | dt: 893.64ms | tok/sec: 293,344 | bf16_mfu: 0.00 | epoch: 1 pq: 8 rg: 21 | total time: 21.07m | eta: 7.7m
step 01397/01905 (73.33%) | loss: 3.319913 | lrm: 0.44 | dt: 939.03ms | tok/sec: 279,164 | bf16_mfu: 0.00 | epoch: 1 pq: 8 rg: 22 | total time: 21.08m | eta: 7.7m
step 01398/01905 (73.39%) | loss: 3.336249 | lrm: 0.44 | dt: 890.61ms | tok/sec: 294,343 | bf16_mfu: 0.00 | epoch: 1 pq: 8 rg: 22 | total time: 21.10m | eta: 7.7m
step 01399/01905 (73.44%) | loss: 3.328093 | lrm: 0.44 | dt: 937.90ms | tok/sec: 279,501 | bf16_mfu: 0.00 | epoch: 1 pq: 8 rg: 23 | total time: 21.11m | eta: 7.7m
step 01400/01905 (73.49%) | loss: 3.317118 | lrm: 0.44 | dt: 898.20ms | tok/sec: 291,855 | bf16_mfu: 0.00 | epoch: 1 pq: 8 rg: 23 | total time: 21.13m | eta: 7.7m
step 01401/01905 (73.54%) | loss: 3.333915 | lrm: 0.44 | dt: 915.65ms | tok/sec: 286,293 | bf16_mfu: 0.00 | epoch: 1 pq: 8 rg: 24 | total time: 21.14m | eta: 7.7m
step 01402/01905 (73.60%) | loss: 3.307340 | lrm: 0.44 | dt: 886.77ms | tok/sec: 295,615 | bf16_mfu: 0.00 | epoch: 1 pq: 8 rg: 24 | total time: 21.16m | eta: 7.6m
step 01403/01905 (73.65%) | loss: 3.314116 | lrm: 0.44 | dt: 934.52ms | tok/sec: 280,512 | bf16_mfu: 0.00 | epoch: 1 pq: 8 rg: 25 | total time: 21.17m | eta: 7.6m
step 01404/01905 (73.70%) | loss: 3.323457 | lrm: 0.43 | dt: 878.48ms | tok/sec: 298,407 | bf16_mfu: 0.00 | epoch: 1 pq: 8 rg: 25 | total time: 21.19m | eta: 7.6m
step 01405/01905 (73.75%) | loss: 3.296241 | lrm: 0.43 | dt: 906.00ms | tok/sec: 289,342 | bf16_mfu: 0.00 | epoch: 1 pq: 8 rg: 26 | total time: 21.20m | eta: 7.6m
step 01406/01905 (73.81%) | loss: 3.290886 | lrm: 0.43 | dt: 880.84ms | tok/sec: 297,605 | bf16_mfu: 0.00 | epoch: 1 pq: 8 rg: 26 | total time: 21.22m | eta: 7.6m
step 01407/01905 (73.86%) | loss: 3.303270 | lrm: 0.43 | dt: 907.21ms | tok/sec: 288,955 | bf16_mfu: 0.00 | epoch: 1 pq: 8 rg: 27 | total time: 21.23m | eta: 7.6m
step 01408/01905 (73.91%) | loss: 3.294542 | lrm: 0.43 | dt: 894.78ms | tok/sec: 292,971 | bf16_mfu: 0.00 | epoch: 1 pq: 8 rg: 27 | total time: 21.25m | eta: 7.6m
step 01409/01905 (73.96%) | loss: 3.333275 | lrm: 0.43 | dt: 930.06ms | tok/sec: 281,855 | bf16_mfu: 0.00 | epoch: 1 pq: 8 rg: 28 | total time: 21.26m | eta: 7.5m
step 01410/01905 (74.02%) | loss: 3.359214 | lrm: 0.43 | dt: 899.88ms | tok/sec: 291,309 | bf16_mfu: 0.00 | epoch: 1 pq: 8 rg: 28 | total time: 21.28m | eta: 7.5m
step 01411/01905 (74.07%) | loss: 3.357346 | lrm: 0.43 | dt: 891.49ms | tok/sec: 294,050 | bf16_mfu: 0.00 | epoch: 1 pq: 8 rg: 28 | total time: 21.29m | eta: 7.5m
step 01412/01905 (74.12%) | loss: 3.340833 | lrm: 0.43 | dt: 928.09ms | tok/sec: 282,456 | bf16_mfu: 0.00 | epoch: 1 pq: 8 rg: 29 | total time: 21.31m | eta: 7.5m
step 01413/01905 (74.17%) | loss: 3.303699 | lrm: 0.43 | dt: 921.67ms | tok/sec: 284,423 | bf16_mfu: 0.00 | epoch: 1 pq: 8 rg: 29 | total time: 21.33m | eta: 7.5m
step 01414/01905 (74.23%) | loss: 3.303581 | lrm: 0.43 | dt: 931.42ms | tok/sec: 281,444 | bf16_mfu: 0.00 | epoch: 1 pq: 8 rg: 30 | total time: 21.34m | eta: 7.5m
step 01415/01905 (74.28%) | loss: 3.314086 | lrm: 0.43 | dt: 898.58ms | tok/sec: 291,732 | bf16_mfu: 0.00 | epoch: 1 pq: 8 rg: 30 | total time: 21.36m | eta: 7.4m
step 01416/01905 (74.33%) | loss: 3.353884 | lrm: 0.43 | dt: 931.34ms | tok/sec: 281,469 | bf16_mfu: 0.00 | epoch: 1 pq: 8 rg: 31 | total time: 21.37m | eta: 7.4m
step 01417/01905 (74.38%) | loss: 3.350106 | lrm: 0.42 | dt: 889.17ms | tok/sec: 294,820 | bf16_mfu: 0.00 | epoch: 1 pq: 8 rg: 31 | total time: 21.39m | eta: 7.4m
step 01418/01905 (74.44%) | loss: 3.360152 | lrm: 0.42 | dt: 930.99ms | tok/sec: 281,576 | bf16_mfu: 0.00 | epoch: 1 pq: 8 rg: 32 | total time: 21.40m | eta: 7.4m
step 01419/01905 (74.49%) | loss: 3.344439 | lrm: 0.42 | dt: 875.40ms | tok/sec: 299,457 | bf16_mfu: 0.00 | epoch: 1 pq: 8 rg: 32 | total time: 21.42m | eta: 7.4m
step 01420/01905 (74.54%) | loss: 3.338384 | lrm: 0.42 | dt: 917.02ms | tok/sec: 285,863 | bf16_mfu: 0.00 | epoch: 1 pq: 8 rg: 33 | total time: 21.43m | eta: 7.4m
step 01421/01905 (74.59%) | loss: 3.344161 | lrm: 0.42 | dt: 882.59ms | tok/sec: 297,017 | bf16_mfu: 0.00 | epoch: 1 pq: 8 rg: 33 | total time: 21.45m | eta: 7.4m
step 01422/01905 (74.65%) | loss: 3.355455 | lrm: 0.42 | dt: 880.28ms | tok/sec: 297,796 | bf16_mfu: 0.00 | epoch: 1 pq: 8 rg: 34 | total time: 21.46m | eta: 7.3m
step 01423/01905 (74.70%) | loss: 3.336070 | lrm: 0.42 | dt: 862.47ms | tok/sec: 303,944 | bf16_mfu: 0.00 | epoch: 1 pq: 8 rg: 34 | total time: 21.48m | eta: 7.3m
step 01424/01905 (74.75%) | loss: 3.322407 | lrm: 0.42 | dt: 945.57ms | tok/sec: 277,234 | bf16_mfu: 0.00 | epoch: 1 pq: 8 rg: 35 | total time: 21.49m | eta: 7.3m
step 01425/01905 (74.80%) | loss: 3.295859 | lrm: 0.42 | dt: 904.10ms | tok/sec: 289,951 | bf16_mfu: 0.00 | epoch: 1 pq: 8 rg: 35 | total time: 21.51m | eta: 7.3m
step 01426/01905 (74.86%) | loss: 3.292384 | lrm: 0.42 | dt: 906.48ms | tok/sec: 289,189 | bf16_mfu: 0.00 | epoch: 1 pq: 8 rg: 36 | total time: 21.52m | eta: 7.3m
step 01427/01905 (74.91%) | loss: 3.307175 | lrm: 0.42 | dt: 880.50ms | tok/sec: 297,720 | bf16_mfu: 0.00 | epoch: 1 pq: 8 rg: 36 | total time: 21.54m | eta: 7.3m
step 01428/01905 (74.96%) | loss: 3.304512 | lrm: 0.42 | dt: 977.90ms | tok/sec: 268,068 | bf16_mfu: 0.00 | epoch: 1 pq: 8 rg: 37 | total time: 21.55m | eta: 7.3m
step 01429/01905 (75.01%) | loss: 3.290755 | lrm: 0.42 | dt: 896.28ms | tok/sec: 292,479 | bf16_mfu: 0.00 | epoch: 1 pq: 8 rg: 37 | total time: 21.57m | eta: 7.2m
step 01430/01905 (75.07%) | loss: 3.296950 | lrm: 0.41 | dt: 914.67ms | tok/sec: 286,600 | bf16_mfu: 0.00 | epoch: 1 pq: 8 rg: 38 | total time: 21.58m | eta: 7.2m
step 01431/01905 (75.12%) | loss: 3.304894 | lrm: 0.41 | dt: 891.77ms | tok/sec: 293,958 | bf16_mfu: 0.00 | epoch: 1 pq: 8 rg: 38 | total time: 21.60m | eta: 7.2m
step 01432/01905 (75.17%) | loss: 3.308734 | lrm: 0.41 | dt: 903.43ms | tok/sec: 290,164 | bf16_mfu: 0.00 | epoch: 1 pq: 8 rg: 39 | total time: 21.61m | eta: 7.2m
step 01433/01905 (75.22%) | loss: 3.311567 | lrm: 0.41 | dt: 890.08ms | tok/sec: 294,515 | bf16_mfu: 0.00 | epoch: 1 pq: 8 rg: 39 | total time: 21.63m | eta: 7.2m
step 01434/01905 (75.28%) | loss: 3.306767 | lrm: 0.41 | dt: 912.31ms | tok/sec: 287,342 | bf16_mfu: 0.00 | epoch: 1 pq: 8 rg: 40 | total time: 21.64m | eta: 7.2m
step 01435/01905 (75.33%) | loss: 3.294755 | lrm: 0.41 | dt: 871.53ms | tok/sec: 300,784 | bf16_mfu: 0.00 | epoch: 1 pq: 8 rg: 40 | total time: 21.66m | eta: 7.1m
step 01436/01905 (75.38%) | loss: 3.300059 | lrm: 0.41 | dt: 909.33ms | tok/sec: 288,281 | bf16_mfu: 0.00 | epoch: 1 pq: 8 rg: 41 | total time: 21.67m | eta: 7.1m
step 01437/01905 (75.43%) | loss: 3.302937 | lrm: 0.41 | dt: 883.04ms | tok/sec: 296,864 | bf16_mfu: 0.00 | epoch: 1 pq: 8 rg: 41 | total time: 21.69m | eta: 7.1m
step 01438/01905 (75.49%) | loss: 3.329119 | lrm: 0.41 | dt: 902.12ms | tok/sec: 290,587 | bf16_mfu: 0.00 | epoch: 1 pq: 8 rg: 42 | total time: 21.70m | eta: 7.1m
step 01439/01905 (75.54%) | loss: 3.315224 | lrm: 0.41 | dt: 877.20ms | tok/sec: 298,840 | bf16_mfu: 0.00 | epoch: 1 pq: 8 rg: 42 | total time: 21.72m | eta: 7.1m
step 01440/01905 (75.59%) | loss: 3.287081 | lrm: 0.41 | dt: 920.29ms | tok/sec: 284,850 | bf16_mfu: 0.00 | epoch: 1 pq: 8 rg: 43 | total time: 21.73m | eta: 7.1m
step 01441/01905 (75.64%) | loss: 3.281870 | lrm: 0.41 | dt: 913.61ms | tok/sec: 286,931 | bf16_mfu: 0.00 | epoch: 1 pq: 8 rg: 43 | total time: 21.75m | eta: 7.1m
step 01442/01905 (75.70%) | loss: 3.265528 | lrm: 0.41 | dt: 905.99ms | tok/sec: 289,345 | bf16_mfu: 0.00 | epoch: 1 pq: 8 rg: 44 | total time: 21.76m | eta: 7.0m
step 01443/01905 (75.75%) | loss: 3.279421 | lrm: 0.40 | dt: 901.43ms | tok/sec: 290,808 | bf16_mfu: 0.00 | epoch: 1 pq: 8 rg: 44 | total time: 21.78m | eta: 7.0m
step 01444/01905 (75.80%) | loss: 3.280184 | lrm: 0.40 | dt: 912.31ms | tok/sec: 287,339 | bf16_mfu: 0.00 | epoch: 1 pq: 8 rg: 45 | total time: 21.79m | eta: 7.0m
step 01445/01905 (75.85%) | loss: 3.283474 | lrm: 0.40 | dt: 887.29ms | tok/sec: 295,444 | bf16_mfu: 0.00 | epoch: 1 pq: 8 rg: 45 | total time: 21.81m | eta: 7.0m
step 01446/01905 (75.91%) | loss: 3.305249 | lrm: 0.40 | dt: 923.37ms | tok/sec: 283,899 | bf16_mfu: 0.00 | epoch: 1 pq: 8 rg: 46 | total time: 21.82m | eta: 7.0m
step 01447/01905 (75.96%) | loss: 3.316930 | lrm: 0.40 | dt: 891.84ms | tok/sec: 293,937 | bf16_mfu: 0.00 | epoch: 1 pq: 8 rg: 46 | total time: 21.84m | eta: 7.0m
step 01448/01905 (76.01%) | loss: 3.312330 | lrm: 0.40 | dt: 879.57ms | tok/sec: 298,036 | bf16_mfu: 0.00 | epoch: 1 pq: 8 rg: 46 | total time: 21.85m | eta: 6.9m
step 01449/01905 (76.06%) | loss: 3.298358 | lrm: 0.40 | dt: 904.51ms | tok/sec: 289,818 | bf16_mfu: 0.00 | epoch: 1 pq: 8 rg: 47 | total time: 21.87m | eta: 6.9m
step 01450/01905 (76.12%) | loss: 3.307124 | lrm: 0.40 | dt: 888.59ms | tok/sec: 295,011 | bf16_mfu: 0.00 | epoch: 1 pq: 8 rg: 47 | total time: 21.88m | eta: 6.9m
step 01451/01905 (76.17%) | loss: 3.302718 | lrm: 0.40 | dt: 952.58ms | tok/sec: 275,194 | bf16_mfu: 0.00 | epoch: 1 pq: 8 rg: 48 | total time: 21.90m | eta: 6.9m
step 01452/01905 (76.22%) | loss: 3.294514 | lrm: 0.40 | dt: 887.96ms | tok/sec: 295,221 | bf16_mfu: 0.00 | epoch: 1 pq: 8 rg: 48 | total time: 21.91m | eta: 6.9m
[2026-08-11 17:13:45] OK   tokenizer -> gdrive:/tokenizer
step 01453/01905 (76.27%) | loss: 3.300404 | lrm: 0.40 | dt: 907.20ms | tok/sec: 288,958 | bf16_mfu: 0.00 | epoch: 1 pq: 8 rg: 49 | total time: 21.93m | eta: 6.9m
step 01454/01905 (76.33%) | loss: 3.283518 | lrm: 0.40 | dt: 922.45ms | tok/sec: 284,181 | bf16_mfu: 0.00 | epoch: 1 pq: 8 rg: 49 | total time: 21.94m | eta: 6.9m
[2026-08-11 17:13:47] OK   base_checkpoints -> gdrive:/base_checkpoints
step 01455/01905 (76.38%) | loss: 3.282538 | lrm: 0.40 | dt: 941.62ms | tok/sec: 278,396 | bf16_mfu: 0.00 | epoch: 1 pq: 8 rg: 50 | total time: 21.96m | eta: 6.8m
step 01456/01905 (76.43%) | loss: 3.299650 | lrm: 0.39 | dt: 883.80ms | tok/sec: 296,609 | bf16_mfu: 0.00 | epoch: 1 pq: 8 rg: 50 | total time: 21.97m | eta: 6.8m
step 01457/01905 (76.48%) | loss: 3.306937 | lrm: 0.39 | dt: 1018.34ms | tok/sec: 257,421 | bf16_mfu: 0.00 | epoch: 1 pq: 8 rg: 51 | total time: 21.99m | eta: 6.8m
step 01458/01905 (76.54%) | loss: 3.307076 | lrm: 0.39 | dt: 914.86ms | tok/sec: 286,540 | bf16_mfu: 0.00 | epoch: 1 pq: 8 rg: 51 | total time: 22.01m | eta: 6.8m
step 01459/01905 (76.59%) | loss: 3.323939 | lrm: 0.39 | dt: 906.56ms | tok/sec: 289,162 | bf16_mfu: 0.00 | epoch: 1 pq: 8 rg: 52 | total time: 22.02m | eta: 6.8m
step 01460/01905 (76.64%) | loss: 3.325569 | lrm: 0.39 | dt: 915.01ms | tok/sec: 286,491 | bf16_mfu: 0.00 | epoch: 1 pq: 8 rg: 52 | total time: 22.04m | eta: 6.8m
step 01461/01905 (76.69%) | loss: 3.350168 | lrm: 0.39 | dt: 928.71ms | tok/sec: 282,265 | bf16_mfu: 0.00 | epoch: 1 pq: 8 rg: 53 | total time: 22.05m | eta: 6.7m
step 01462/01905 (76.75%) | loss: 3.332552 | lrm: 0.39 | dt: 882.50ms | tok/sec: 297,046 | bf16_mfu: 0.00 | epoch: 1 pq: 8 rg: 53 | total time: 22.07m | eta: 6.7m
step 01463/01905 (76.80%) | loss: 3.311663 | lrm: 0.39 | dt: 921.32ms | tok/sec: 284,529 | bf16_mfu: 0.00 | epoch: 1 pq: 8 rg: 54 | total time: 22.08m | eta: 6.7m
step 01464/01905 (76.85%) | loss: 3.319496 | lrm: 0.39 | dt: 916.48ms | tok/sec: 286,034 | bf16_mfu: 0.00 | epoch: 1 pq: 8 rg: 54 | total time: 22.10m | eta: 6.7m
step 01465/01905 (76.90%) | loss: 3.343884 | lrm: 0.39 | dt: 916.30ms | tok/sec: 286,090 | bf16_mfu: 0.00 | epoch: 1 pq: 8 rg: 55 | total time: 22.11m | eta: 6.7m
step 01466/01905 (76.96%) | loss: 3.347264 | lrm: 0.39 | dt: 898.24ms | tok/sec: 291,842 | bf16_mfu: 0.00 | epoch: 1 pq: 8 rg: 55 | total time: 22.13m | eta: 6.7m
step 01467/01905 (77.01%) | loss: 3.351434 | lrm: 0.39 | dt: 914.77ms | tok/sec: 286,568 | bf16_mfu: 0.00 | epoch: 1 pq: 8 rg: 56 | total time: 22.14m | eta: 6.7m
step 01468/01905 (77.06%) | loss: 3.358033 | lrm: 0.39 | dt: 901.09ms | tok/sec: 290,919 | bf16_mfu: 0.00 | epoch: 1 pq: 8 rg: 56 | total time: 22.16m | eta: 6.6m
step 01469/01905 (77.11%) | loss: 3.320194 | lrm: 0.38 | dt: 903.81ms | tok/sec: 290,043 | bf16_mfu: 0.00 | epoch: 1 pq: 8 rg: 57 | total time: 22.17m | eta: 6.6m
step 01470/01905 (77.17%) | loss: 3.328721 | lrm: 0.38 | dt: 901.99ms | tok/sec: 290,628 | bf16_mfu: 0.00 | epoch: 1 pq: 8 rg: 57 | total time: 22.19m | eta: 6.6m
step 01471/01905 (77.22%) | loss: 3.338772 | lrm: 0.38 | dt: 915.13ms | tok/sec: 286,455 | bf16_mfu: 0.00 | epoch: 1 pq: 8 rg: 58 | total time: 22.20m | eta: 6.6m
step 01472/01905 (77.27%) | loss: 3.344677 | lrm: 0.38 | dt: 896.36ms | tok/sec: 292,453 | bf16_mfu: 0.00 | epoch: 1 pq: 8 rg: 58 | total time: 22.22m | eta: 6.6m
step 01473/01905 (77.32%) | loss: 3.368547 | lrm: 0.38 | dt: 927.31ms | tok/sec: 282,691 | bf16_mfu: 0.00 | epoch: 1 pq: 8 rg: 59 | total time: 22.23m | eta: 6.6m
step 01474/01905 (77.38%) | loss: 3.379643 | lrm: 0.38 | dt: 906.40ms | tok/sec: 289,215 | bf16_mfu: 0.00 | epoch: 1 pq: 8 rg: 59 | total time: 22.25m | eta: 6.5m
step 01475/01905 (77.43%) | loss: 3.382549 | lrm: 0.38 | dt: 914.43ms | tok/sec: 286,676 | bf16_mfu: 0.00 | epoch: 1 pq: 8 rg: 60 | total time: 22.26m | eta: 6.5m
step 01476/01905 (77.48%) | loss: 3.371247 | lrm: 0.38 | dt: 920.57ms | tok/sec: 284,761 | bf16_mfu: 0.00 | epoch: 1 pq: 8 rg: 60 | total time: 22.28m | eta: 6.5m
step 01477/01905 (77.53%) | loss: 3.357196 | lrm: 0.38 | dt: 919.87ms | tok/sec: 284,980 | bf16_mfu: 0.00 | epoch: 1 pq: 8 rg: 61 | total time: 22.29m | eta: 6.5m
step 01478/01905 (77.59%) | loss: 3.335136 | lrm: 0.38 | dt: 911.25ms | tok/sec: 287,674 | bf16_mfu: 0.00 | epoch: 1 pq: 8 rg: 61 | total time: 22.31m | eta: 6.5m
step 01479/01905 (77.64%) | loss: 3.314339 | lrm: 0.38 | dt: 931.25ms | tok/sec: 281,496 | bf16_mfu: 0.00 | epoch: 1 pq: 8 rg: 61 | total time: 22.33m | eta: 6.5m
step 01480/01905 (77.69%) | loss: 3.320353 | lrm: 0.38 | dt: 917.32ms | tok/sec: 285,773 | bf16_mfu: 0.00 | epoch: 1 pq: 8 rg: 62 | total time: 22.34m | eta: 6.5m
step 01481/01905 (77.74%) | loss: 3.334517 | lrm: 0.38 | dt: 886.56ms | tok/sec: 295,685 | bf16_mfu: 0.00 | epoch: 1 pq: 8 rg: 62 | total time: 22.36m | eta: 6.4m
step 01482/01905 (77.80%) | loss: 3.336444 | lrm: 0.37 | dt: 912.68ms | tok/sec: 287,225 | bf16_mfu: 0.00 | epoch: 1 pq: 8 rg: 63 | total time: 22.37m | eta: 6.4m
step 01483/01905 (77.85%) | loss: 3.316406 | lrm: 0.37 | dt: 888.36ms | tok/sec: 295,086 | bf16_mfu: 0.00 | epoch: 1 pq: 8 rg: 63 | total time: 22.39m | eta: 6.4m
step 01484/01905 (77.90%) | loss: 3.298302 | lrm: 0.37 | dt: 921.47ms | tok/sec: 284,483 | bf16_mfu: 0.00 | epoch: 1 pq: 8 rg: 64 | total time: 22.40m | eta: 6.4m
step 01485/01905 (77.95%) | loss: 3.294397 | lrm: 0.37 | dt: 888.77ms | tok/sec: 294,952 | bf16_mfu: 0.00 | epoch: 1 pq: 8 rg: 64 | total time: 22.42m | eta: 6.4m
step 01486/01905 (78.01%) | loss: 3.287004 | lrm: 0.37 | dt: 912.26ms | tok/sec: 287,357 | bf16_mfu: 0.00 | epoch: 1 pq: 8 rg: 65 | total time: 22.43m | eta: 6.4m
step 01487/01905 (78.06%) | loss: 3.262456 | lrm: 0.37 | dt: 883.32ms | tok/sec: 296,771 | bf16_mfu: 0.00 | epoch: 1 pq: 8 rg: 65 | total time: 22.45m | eta: 6.4m
step 01488/01905 (78.11%) | loss: 3.247608 | lrm: 0.37 | dt: 911.17ms | tok/sec: 287,700 | bf16_mfu: 0.00 | epoch: 1 pq: 8 rg: 66 | total time: 22.46m | eta: 6.3m
step 01489/01905 (78.16%) | loss: 3.256811 | lrm: 0.37 | dt: 886.92ms | tok/sec: 295,567 | bf16_mfu: 0.00 | epoch: 1 pq: 8 rg: 66 | total time: 22.48m | eta: 6.3m
step 01490/01905 (78.22%) | loss: 3.252501 | lrm: 0.37 | dt: 913.58ms | tok/sec: 286,940 | bf16_mfu: 0.00 | epoch: 1 pq: 8 rg: 67 | total time: 22.49m | eta: 6.3m
step 01491/01905 (78.27%) | loss: 3.282207 | lrm: 0.37 | dt: 893.20ms | tok/sec: 293,489 | bf16_mfu: 0.00 | epoch: 1 pq: 8 rg: 67 | total time: 22.51m | eta: 6.3m
step 01492/01905 (78.32%) | loss: 3.305802 | lrm: 0.37 | dt: 919.31ms | tok/sec: 285,151 | bf16_mfu: 0.00 | epoch: 1 pq: 8 rg: 68 | total time: 22.52m | eta: 6.3m
step 01493/01905 (78.37%) | loss: 3.323878 | lrm: 0.37 | dt: 900.18ms | tok/sec: 291,214 | bf16_mfu: 0.00 | epoch: 1 pq: 8 rg: 68 | total time: 22.54m | eta: 6.3m
step 01494/01905 (78.43%) | loss: 3.339205 | lrm: 0.37 | dt: 899.84ms | tok/sec: 291,321 | bf16_mfu: 0.00 | epoch: 1 pq: 8 rg: 69 | total time: 22.55m | eta: 6.2m
step 01495/01905 (78.48%) | loss: 3.338637 | lrm: 0.36 | dt: 899.22ms | tok/sec: 291,524 | bf16_mfu: 0.00 | epoch: 1 pq: 8 rg: 69 | total time: 22.57m | eta: 6.2m
step 01496/01905 (78.53%) | loss: 3.328149 | lrm: 0.36 | dt: 931.00ms | tok/sec: 281,572 | bf16_mfu: 0.00 | epoch: 1 pq: 8 rg: 70 | total time: 22.58m | eta: 6.2m
step 01497/01905 (78.58%) | loss: 3.284494 | lrm: 0.36 | dt: 904.52ms | tok/sec: 289,815 | bf16_mfu: 0.00 | epoch: 1 pq: 8 rg: 70 | total time: 22.60m | eta: 6.2m
step 01498/01905 (78.64%) | loss: 3.257119 | lrm: 0.36 | dt: 926.70ms | tok/sec: 282,877 | bf16_mfu: 0.00 | epoch: 1 pq: 8 rg: 71 | total time: 22.61m | eta: 6.2m
step 01499/01905 (78.69%) | loss: 3.239234 | lrm: 0.36 | dt: 892.19ms | tok/sec: 293,821 | bf16_mfu: 0.00 | epoch: 1 pq: 8 rg: 71 | total time: 22.63m | eta: 6.2m


[2026-08-11 17:14:48] OK   tokenizer -> gdrive:/tokenizer
[2026-08-11 17:14:51] OK   base_checkpoints -> gdrive:/base_checkpoints
Step 01500 | Validation bpb: 1.003059
2026-08-11 17:15:44,507 - nanochat.checkpoint_manager - INFO - Saved model parameters to: /root/nanochat_cache/base_checkpoints/a10/model_001500.pt
2026-08-11 17:15:44,508 - nanochat.checkpoint_manager - INFO - Saved metadata to: /root/nanochat_cache/base_checkpoints/a10/meta_001500.json
2026-08-11 17:15:44,875 - nanochat.checkpoint_manager - INFO - Saved optimizer state to: /root/nanochat_cache/base_checkpoints/a10/optim_001500_rank0.pt
step 01500/01905 (78.74%) | loss: 3.251568 | lrm: 0.36 | dt: 869.97ms | tok/sec: 301,323 | bf16_mfu: 0.00 | epoch: 1 pq: 8 rg: 72 | total time: 22.64m | eta: 6.2m
step 01501/01905 (78.79%) | loss: 3.266525 | lrm: 0.36 | dt: 901.37ms | tok/sec: 290,828 | bf16_mfu: 0.00 | epoch: 1 pq: 8 rg: 72 | total time: 22.66m | eta: 6.1m
step 01502/01905 (78.85%) | loss: 3.277155 | lrm: 0.36 | dt: 907.57ms | tok/sec: 288,842 | bf16_mfu: 0.00 | epoch: 1 pq: 8 rg: 73 | total time: 22.67m | eta: 6.1m
step 01503/01905 (78.90%) | loss: 3.305312 | lrm: 0.36 | dt: 888.66ms | tok/sec: 294,988 | bf16_mfu: 0.00 | epoch: 1 pq: 8 rg: 73 | total time: 22.69m | eta: 6.1m
step 01504/01905 (78.95%) | loss: 3.289619 | lrm: 0.36 | dt: 902.52ms | tok/sec: 290,457 | bf16_mfu: 0.00 | epoch: 1 pq: 8 rg: 74 | total time: 22.70m | eta: 6.1m
step 01505/01905 (79.00%) | loss: 3.301555 | lrm: 0.36 | dt: 906.57ms | tok/sec: 289,160 | bf16_mfu: 0.00 | epoch: 1 pq: 8 rg: 74 | total time: 22.72m | eta: 6.1m
step 01506/01905 (79.06%) | loss: 3.292335 | lrm: 0.36 | dt: 913.02ms | tok/sec: 287,116 | bf16_mfu: 0.00 | epoch: 1 pq: 8 rg: 75 | total time: 22.73m | eta: 6.1m
[2026-08-11 17:15:51] OK   tokenizer -> gdrive:/tokenizer
step 01507/01905 (79.11%) | loss: 3.290361 | lrm: 0.36 | dt: 918.37ms | tok/sec: 285,446 | bf16_mfu: 0.00 | epoch: 1 pq: 8 rg: 75 | total time: 22.75m | eta: 6.0m
step 01508/01905 (79.16%) | loss: 3.293234 | lrm: 0.35 | dt: 907.00ms | tok/sec: 289,024 | bf16_mfu: 0.00 | epoch: 1 pq: 8 rg: 76 | total time: 22.76m | eta: 6.0m
step 01509/01905 (79.21%) | loss: 3.302795 | lrm: 0.35 | dt: 884.28ms | tok/sec: 296,449 | bf16_mfu: 0.00 | epoch: 1 pq: 8 rg: 76 | total time: 22.78m | eta: 6.0m
step 01510/01905 (79.27%) | loss: 3.301253 | lrm: 0.35 | dt: 911.99ms | tok/sec: 287,440 | bf16_mfu: 0.00 | epoch: 1 pq: 8 rg: 77 | total time: 22.79m | eta: 6.0m
step 01511/01905 (79.32%) | loss: 3.303937 | lrm: 0.35 | dt: 878.39ms | tok/sec: 298,436 | bf16_mfu: 0.00 | epoch: 1 pq: 8 rg: 77 | total time: 22.81m | eta: 6.0m
step 01512/01905 (79.37%) | loss: 3.302261 | lrm: 0.35 | dt: 886.84ms | tok/sec: 295,594 | bf16_mfu: 0.00 | epoch: 1 pq: 8 rg: 77 | total time: 22.82m | eta: 6.0m
step 01513/01905 (79.42%) | loss: 3.297877 | lrm: 0.35 | dt: 934.66ms | tok/sec: 280,470 | bf16_mfu: 0.00 | epoch: 1 pq: 8 rg: 78 | total time: 22.84m | eta: 6.0m
step 01514/01905 (79.48%) | loss: 3.291541 | lrm: 0.35 | dt: 914.83ms | tok/sec: 286,548 | bf16_mfu: 0.00 | epoch: 1 pq: 8 rg: 78 | total time: 22.85m | eta: 5.9m
step 01515/01905 (79.53%) | loss: 3.320365 | lrm: 0.35 | dt: 925.87ms | tok/sec: 283,131 | bf16_mfu: 0.00 | epoch: 1 pq: 8 rg: 79 | total time: 22.87m | eta: 5.9m
step 01516/01905 (79.58%) | loss: 3.328916 | lrm: 0.35 | dt: 891.51ms | tok/sec: 294,046 | bf16_mfu: 0.00 | epoch: 1 pq: 8 rg: 79 | total time: 22.88m | eta: 5.9m
step 01517/01905 (79.63%) | loss: 3.325657 | lrm: 0.35 | dt: 892.59ms | tok/sec: 293,689 | bf16_mfu: 0.00 | epoch: 1 pq: 8 rg: 80 | total time: 22.90m | eta: 5.9m
step 01518/01905 (79.69%) | loss: 3.303021 | lrm: 0.35 | dt: 873.42ms | tok/sec: 300,135 | bf16_mfu: 0.00 | epoch: 1 pq: 8 rg: 80 | total time: 22.91m | eta: 5.9m
step 01519/01905 (79.74%) | loss: 3.287815 | lrm: 0.35 | dt: 908.31ms | tok/sec: 288,607 | bf16_mfu: 0.00 | epoch: 1 pq: 8 rg: 81 | total time: 22.93m | eta: 5.9m
step 01520/01905 (79.79%) | loss: 3.266160 | lrm: 0.35 | dt: 903.30ms | tok/sec: 290,208 | bf16_mfu: 0.00 | epoch: 1 pq: 8 rg: 81 | total time: 22.94m | eta: 5.8m
step 01521/01905 (79.84%) | loss: 3.259192 | lrm: 0.34 | dt: 906.55ms | tok/sec: 289,168 | bf16_mfu: 0.00 | epoch: 1 pq: 9 rg: 0 | total time: 22.96m | eta: 5.8m
step 01522/01905 (79.90%) | loss: 3.253252 | lrm: 0.34 | dt: 902.73ms | tok/sec: 290,388 | bf16_mfu: 0.00 | epoch: 1 pq: 9 rg: 0 | total time: 22.97m | eta: 5.8m
step 01523/01905 (79.95%) | loss: 3.276669 | lrm: 0.34 | dt: 923.12ms | tok/sec: 283,975 | bf16_mfu: 0.00 | epoch: 1 pq: 9 rg: 1 | total time: 22.99m | eta: 5.8m
step 01524/01905 (80.00%) | loss: 3.250917 | lrm: 0.34 | dt: 907.53ms | tok/sec: 288,853 | bf16_mfu: 0.00 | epoch: 1 pq: 9 rg: 1 | total time: 23.00m | eta: 5.8m
step 01525/01905 (80.05%) | loss: 3.245000 | lrm: 0.34 | dt: 995.63ms | tok/sec: 263,295 | bf16_mfu: 0.00 | epoch: 1 pq: 9 rg: 2 | total time: 23.02m | eta: 5.8m
step 01526/01905 (80.10%) | loss: 3.253417 | lrm: 0.34 | dt: 901.33ms | tok/sec: 290,842 | bf16_mfu: 0.00 | epoch: 1 pq: 9 rg: 2 | total time: 23.03m | eta: 5.8m
step 01527/01905 (80.16%) | loss: 3.246112 | lrm: 0.34 | dt: 921.31ms | tok/sec: 284,534 | bf16_mfu: 0.00 | epoch: 1 pq: 9 rg: 3 | total time: 23.05m | eta: 5.7m
step 01528/01905 (80.21%) | loss: 3.267490 | lrm: 0.34 | dt: 921.57ms | tok/sec: 284,453 | bf16_mfu: 0.00 | epoch: 1 pq: 9 rg: 3 | total time: 23.06m | eta: 5.7m
step 01529/01905 (80.26%) | loss: 3.253213 | lrm: 0.34 | dt: 948.60ms | tok/sec: 276,349 | bf16_mfu: 0.00 | epoch: 1 pq: 9 rg: 4 | total time: 23.08m | eta: 5.7m
step 01530/01905 (80.31%) | loss: 3.300471 | lrm: 0.34 | dt: 892.45ms | tok/sec: 293,733 | bf16_mfu: 0.00 | epoch: 1 pq: 9 rg: 4 | total time: 23.10m | eta: 5.7m
step 01531/01905 (80.37%) | loss: 3.298114 | lrm: 0.34 | dt: 920.59ms | tok/sec: 284,755 | bf16_mfu: 0.00 | epoch: 1 pq: 9 rg: 5 | total time: 23.11m | eta: 5.7m
step 01532/01905 (80.42%) | loss: 3.311130 | lrm: 0.34 | dt: 895.84ms | tok/sec: 292,623 | bf16_mfu: 0.00 | epoch: 1 pq: 9 rg: 5 | total time: 23.13m | eta: 5.7m
step 01533/01905 (80.47%) | loss: 3.306047 | lrm: 0.34 | dt: 957.37ms | tok/sec: 273,816 | bf16_mfu: 0.00 | epoch: 1 pq: 9 rg: 6 | total time: 23.14m | eta: 5.7m
step 01534/01905 (80.52%) | loss: 3.309629 | lrm: 0.33 | dt: 896.04ms | tok/sec: 292,559 | bf16_mfu: 0.00 | epoch: 1 pq: 9 rg: 6 | total time: 23.16m | eta: 5.6m
step 01535/01905 (80.58%) | loss: 3.317625 | lrm: 0.33 | dt: 917.71ms | tok/sec: 285,650 | bf16_mfu: 0.00 | epoch: 1 pq: 9 rg: 7 | total time: 23.17m | eta: 5.6m
step 01536/01905 (80.63%) | loss: 3.311024 | lrm: 0.33 | dt: 907.98ms | tok/sec: 288,710 | bf16_mfu: 0.00 | epoch: 1 pq: 9 rg: 7 | total time: 23.19m | eta: 5.6m
step 01537/01905 (80.68%) | loss: 3.316545 | lrm: 0.33 | dt: 929.70ms | tok/sec: 281,966 | bf16_mfu: 0.00 | epoch: 1 pq: 9 rg: 8 | total time: 23.20m | eta: 5.6m
step 01538/01905 (80.73%) | loss: 3.288131 | lrm: 0.33 | dt: 887.23ms | tok/sec: 295,463 | bf16_mfu: 0.00 | epoch: 1 pq: 9 rg: 8 | total time: 23.22m | eta: 5.6m
step 01539/01905 (80.79%) | loss: 3.270366 | lrm: 0.33 | dt: 891.87ms | tok/sec: 293,925 | bf16_mfu: 0.00 | epoch: 1 pq: 9 rg: 8 | total time: 23.23m | eta: 5.6m
step 01540/01905 (80.84%) | loss: 3.249523 | lrm: 0.33 | dt: 919.31ms | tok/sec: 285,153 | bf16_mfu: 0.00 | epoch: 1 pq: 9 rg: 9 | total time: 23.25m | eta: 5.5m
step 01541/01905 (80.89%) | loss: 3.250694 | lrm: 0.33 | dt: 895.25ms | tok/sec: 292,815 | bf16_mfu: 0.00 | epoch: 1 pq: 9 rg: 9 | total time: 23.26m | eta: 5.5m
step 01542/01905 (80.94%) | loss: 3.239807 | lrm: 0.33 | dt: 977.47ms | tok/sec: 268,185 | bf16_mfu: 0.00 | epoch: 1 pq: 9 rg: 10 | total time: 23.28m | eta: 5.5m
step 01543/01905 (81.00%) | loss: 3.234638 | lrm: 0.33 | dt: 902.45ms | tok/sec: 290,478 | bf16_mfu: 0.00 | epoch: 1 pq: 9 rg: 10 | total time: 23.29m | eta: 5.5m
step 01544/01905 (81.05%) | loss: 3.247933 | lrm: 0.33 | dt: 926.48ms | tok/sec: 282,947 | bf16_mfu: 0.00 | epoch: 1 pq: 9 rg: 11 | total time: 23.31m | eta: 5.5m
step 01545/01905 (81.10%) | loss: 3.259678 | lrm: 0.33 | dt: 898.90ms | tok/sec: 291,627 | bf16_mfu: 0.00 | epoch: 1 pq: 9 rg: 11 | total time: 23.32m | eta: 5.5m
step 01546/01905 (81.15%) | loss: 3.271145 | lrm: 0.33 | dt: 927.21ms | tok/sec: 282,724 | bf16_mfu: 0.00 | epoch: 1 pq: 9 rg: 12 | total time: 23.34m | eta: 5.5m
step 01547/01905 (81.21%) | loss: 3.291846 | lrm: 0.32 | dt: 898.54ms | tok/sec: 291,744 | bf16_mfu: 0.00 | epoch: 1 pq: 9 rg: 12 | total time: 23.35m | eta: 5.4m
step 01548/01905 (81.26%) | loss: 3.299425 | lrm: 0.32 | dt: 925.46ms | tok/sec: 283,258 | bf16_mfu: 0.00 | epoch: 1 pq: 9 rg: 13 | total time: 23.37m | eta: 5.4m
step 01549/01905 (81.31%) | loss: 3.287853 | lrm: 0.32 | dt: 880.32ms | tok/sec: 297,784 | bf16_mfu: 0.00 | epoch: 1 pq: 9 rg: 13 | total time: 23.38m | eta: 5.4m
step 01550/01905 (81.36%) | loss: 3.296857 | lrm: 0.32 | dt: 919.31ms | tok/sec: 285,152 | bf16_mfu: 0.00 | epoch: 1 pq: 9 rg: 14 | total time: 23.40m | eta: 5.4m
step 01551/01905 (81.42%) | loss: 3.304997 | lrm: 0.32 | dt: 892.82ms | tok/sec: 293,612 | bf16_mfu: 0.00 | epoch: 1 pq: 9 rg: 14 | total time: 23.42m | eta: 5.4m
step 01552/01905 (81.47%) | loss: 3.297298 | lrm: 0.32 | dt: 923.28ms | tok/sec: 283,926 | bf16_mfu: 0.00 | epoch: 1 pq: 9 rg: 15 | total time: 23.43m | eta: 5.4m
step 01553/01905 (81.52%) | loss: 3.307685 | lrm: 0.32 | dt: 907.36ms | tok/sec: 288,909 | bf16_mfu: 0.00 | epoch: 1 pq: 9 rg: 15 | total time: 23.45m | eta: 5.3m
step 01554/01905 (81.57%) | loss: 3.266663 | lrm: 0.32 | dt: 926.76ms | tok/sec: 282,859 | bf16_mfu: 0.00 | epoch: 1 pq: 9 rg: 16 | total time: 23.46m | eta: 5.3m
step 01555/01905 (81.63%) | loss: 3.281756 | lrm: 0.32 | dt: 890.00ms | tok/sec: 294,542 | bf16_mfu: 0.00 | epoch: 1 pq: 9 rg: 16 | total time: 23.48m | eta: 5.3m
step 01556/01905 (81.68%) | loss: 3.262957 | lrm: 0.32 | dt: 916.13ms | tok/sec: 286,143 | bf16_mfu: 0.00 | epoch: 1 pq: 9 rg: 17 | total time: 23.49m | eta: 5.3m
step 01557/01905 (81.73%) | loss: 3.258668 | lrm: 0.32 | dt: 905.24ms | tok/sec: 289,586 | bf16_mfu: 0.00 | epoch: 1 pq: 9 rg: 17 | total time: 23.51m | eta: 5.3m
step 01558/01905 (81.78%) | loss: 3.282924 | lrm: 0.32 | dt: 922.39ms | tok/sec: 284,201 | bf16_mfu: 0.00 | epoch: 1 pq: 9 rg: 18 | total time: 23.52m | eta: 5.3m
step 01559/01905 (81.84%) | loss: 3.293938 | lrm: 0.32 | dt: 927.48ms | tok/sec: 282,642 | bf16_mfu: 0.00 | epoch: 1 pq: 9 rg: 18 | total time: 23.54m | eta: 5.3m
step 01560/01905 (81.89%) | loss: 3.281239 | lrm: 0.31 | dt: 905.19ms | tok/sec: 289,600 | bf16_mfu: 0.00 | epoch: 1 pq: 9 rg: 19 | total time: 23.55m | eta: 5.2m
step 01561/01905 (81.94%) | loss: 3.296204 | lrm: 0.31 | dt: 884.27ms | tok/sec: 296,453 | bf16_mfu: 0.00 | epoch: 1 pq: 9 rg: 19 | total time: 23.57m | eta: 5.2m
[2026-08-11 17:16:41] OK   base_checkpoints -> gdrive:/base_checkpoints
step 01562/01905 (81.99%) | loss: 3.276764 | lrm: 0.31 | dt: 913.25ms | tok/sec: 287,046 | bf16_mfu: 0.00 | epoch: 1 pq: 9 rg: 20 | total time: 23.58m | eta: 5.2m
step 01563/01905 (82.05%) | loss: 3.282212 | lrm: 0.31 | dt: 892.60ms | tok/sec: 293,686 | bf16_mfu: 0.00 | epoch: 1 pq: 9 rg: 20 | total time: 23.60m | eta: 5.2m
step 01564/01905 (82.10%) | loss: 3.306571 | lrm: 0.31 | dt: 922.72ms | tok/sec: 284,098 | bf16_mfu: 0.00 | epoch: 1 pq: 9 rg: 21 | total time: 23.61m | eta: 5.2m
step 01565/01905 (82.15%) | loss: 3.300722 | lrm: 0.31 | dt: 898.19ms | tok/sec: 291,859 | bf16_mfu: 0.00 | epoch: 1 pq: 9 rg: 21 | total time: 23.63m | eta: 5.2m
step 01566/01905 (82.20%) | loss: 3.314682 | lrm: 0.31 | dt: 973.62ms | tok/sec: 269,247 | bf16_mfu: 0.00 | epoch: 1 pq: 9 rg: 22 | total time: 23.64m | eta: 5.2m
step 01567/01905 (82.26%) | loss: 3.335488 | lrm: 0.31 | dt: 902.54ms | tok/sec: 290,452 | bf16_mfu: 0.00 | epoch: 1 pq: 9 rg: 22 | total time: 23.66m | eta: 5.1m
step 01568/01905 (82.31%) | loss: 3.309730 | lrm: 0.31 | dt: 881.94ms | tok/sec: 297,236 | bf16_mfu: 0.00 | epoch: 1 pq: 9 rg: 22 | total time: 23.67m | eta: 5.1m
step 01569/01905 (82.36%) | loss: 3.297161 | lrm: 0.31 | dt: 912.22ms | tok/sec: 287,367 | bf16_mfu: 0.00 | epoch: 1 pq: 9 rg: 23 | total time: 23.69m | eta: 5.1m
step 01570/01905 (82.41%) | loss: 3.304027 | lrm: 0.31 | dt: 892.50ms | tok/sec: 293,718 | bf16_mfu: 0.00 | epoch: 1 pq: 9 rg: 23 | total time: 23.70m | eta: 5.1m
step 01571/01905 (82.47%) | loss: 3.297025 | lrm: 0.31 | dt: 921.56ms | tok/sec: 284,456 | bf16_mfu: 0.00 | epoch: 1 pq: 9 rg: 24 | total time: 23.72m | eta: 5.1m
step 01572/01905 (82.52%) | loss: 3.302192 | lrm: 0.31 | dt: 897.54ms | tok/sec: 292,070 | bf16_mfu: 0.00 | epoch: 1 pq: 9 rg: 24 | total time: 23.73m | eta: 5.1m
step 01573/01905 (82.57%) | loss: 3.312458 | lrm: 0.30 | dt: 917.32ms | tok/sec: 285,771 | bf16_mfu: 0.00 | epoch: 1 pq: 9 rg: 25 | total time: 23.75m | eta: 5.0m
step 01574/01905 (82.62%) | loss: 3.312810 | lrm: 0.30 | dt: 897.91ms | tok/sec: 291,948 | bf16_mfu: 0.00 | epoch: 1 pq: 9 rg: 25 | total time: 23.76m | eta: 5.0m
step 01575/01905 (82.68%) | loss: 3.312999 | lrm: 0.30 | dt: 946.07ms | tok/sec: 277,086 | bf16_mfu: 0.00 | epoch: 1 pq: 9 rg: 26 | total time: 23.78m | eta: 5.0m
step 01576/01905 (82.73%) | loss: 3.274055 | lrm: 0.30 | dt: 945.87ms | tok/sec: 277,144 | bf16_mfu: 0.00 | epoch: 1 pq: 9 rg: 26 | total time: 23.80m | eta: 5.0m
step 01577/01905 (82.78%) | loss: 3.276472 | lrm: 0.30 | dt: 909.69ms | tok/sec: 288,168 | bf16_mfu: 0.00 | epoch: 1 pq: 9 rg: 27 | total time: 23.81m | eta: 5.0m
step 01578/01905 (82.83%) | loss: 3.266463 | lrm: 0.30 | dt: 911.23ms | tok/sec: 287,680 | bf16_mfu: 0.00 | epoch: 1 pq: 9 rg: 27 | total time: 23.83m | eta: 5.0m
step 01579/01905 (82.89%) | loss: 3.273885 | lrm: 0.30 | dt: 910.63ms | tok/sec: 287,871 | bf16_mfu: 0.00 | epoch: 1 pq: 9 rg: 28 | total time: 23.84m | eta: 5.0m
step 01580/01905 (82.94%) | loss: 3.298376 | lrm: 0.30 | dt: 903.83ms | tok/sec: 290,036 | bf16_mfu: 0.00 | epoch: 1 pq: 9 rg: 28 | total time: 23.86m | eta: 4.9m
step 01581/01905 (82.99%) | loss: 3.300531 | lrm: 0.30 | dt: 914.91ms | tok/sec: 286,525 | bf16_mfu: 0.00 | epoch: 1 pq: 9 rg: 29 | total time: 23.87m | eta: 4.9m
step 01582/01905 (83.04%) | loss: 3.297298 | lrm: 0.30 | dt: 895.99ms | tok/sec: 292,575 | bf16_mfu: 0.00 | epoch: 1 pq: 9 rg: 29 | total time: 23.89m | eta: 4.9m
step 01583/01905 (83.10%) | loss: 3.287529 | lrm: 0.30 | dt: 904.92ms | tok/sec: 289,686 | bf16_mfu: 0.00 | epoch: 1 pq: 9 rg: 30 | total time: 23.90m | eta: 4.9m
step 01584/01905 (83.15%) | loss: 3.279228 | lrm: 0.30 | dt: 903.08ms | tok/sec: 290,277 | bf16_mfu: 0.00 | epoch: 1 pq: 9 rg: 30 | total time: 23.92m | eta: 4.9m
step 01585/01905 (83.20%) | loss: 3.291231 | lrm: 0.30 | dt: 912.95ms | tok/sec: 287,138 | bf16_mfu: 0.00 | epoch: 1 pq: 9 rg: 31 | total time: 23.93m | eta: 4.9m
step 01586/01905 (83.25%) | loss: 3.289313 | lrm: 0.29 | dt: 894.56ms | tok/sec: 293,043 | bf16_mfu: 0.00 | epoch: 1 pq: 9 rg: 31 | total time: 23.95m | eta: 4.8m
step 01587/01905 (83.31%) | loss: 3.306500 | lrm: 0.29 | dt: 939.70ms | tok/sec: 278,964 | bf16_mfu: 0.00 | epoch: 1 pq: 9 rg: 32 | total time: 23.96m | eta: 4.8m
step 01588/01905 (83.36%) | loss: 3.305950 | lrm: 0.29 | dt: 895.22ms | tok/sec: 292,824 | bf16_mfu: 0.00 | epoch: 1 pq: 9 rg: 32 | total time: 23.98m | eta: 4.8m
step 01589/01905 (83.41%) | loss: 3.291000 | lrm: 0.29 | dt: 917.06ms | tok/sec: 285,853 | bf16_mfu: 0.00 | epoch: 1 pq: 9 rg: 33 | total time: 23.99m | eta: 4.8m
step 01590/01905 (83.46%) | loss: 3.277622 | lrm: 0.29 | dt: 889.70ms | tok/sec: 294,644 | bf16_mfu: 0.00 | epoch: 1 pq: 9 rg: 33 | total time: 24.01m | eta: 4.8m
step 01591/01905 (83.52%) | loss: 3.243796 | lrm: 0.29 | dt: 912.59ms | tok/sec: 287,253 | bf16_mfu: 0.00 | epoch: 1 pq: 9 rg: 34 | total time: 24.02m | eta: 4.8m
step 01592/01905 (83.57%) | loss: 3.257190 | lrm: 0.29 | dt: 898.70ms | tok/sec: 291,693 | bf16_mfu: 0.00 | epoch: 1 pq: 9 rg: 34 | total time: 24.04m | eta: 4.8m
step 01593/01905 (83.62%) | loss: 3.251003 | lrm: 0.29 | dt: 918.90ms | tok/sec: 285,280 | bf16_mfu: 0.00 | epoch: 1 pq: 9 rg: 35 | total time: 24.05m | eta: 4.7m
step 01594/01905 (83.67%) | loss: 3.261123 | lrm: 0.29 | dt: 893.14ms | tok/sec: 293,507 | bf16_mfu: 0.00 | epoch: 1 pq: 9 rg: 35 | total time: 24.07m | eta: 4.7m
step 01595/01905 (83.73%) | loss: 3.264953 | lrm: 0.29 | dt: 907.52ms | tok/sec: 288,858 | bf16_mfu: 0.00 | epoch: 1 pq: 9 rg: 36 | total time: 24.08m | eta: 4.7m
step 01596/01905 (83.78%) | loss: 3.272131 | lrm: 0.29 | dt: 927.58ms | tok/sec: 282,611 | bf16_mfu: 0.00 | epoch: 1 pq: 9 rg: 36 | total time: 24.10m | eta: 4.7m
step 01597/01905 (83.83%) | loss: 3.261122 | lrm: 0.29 | dt: 906.17ms | tok/sec: 289,287 | bf16_mfu: 0.00 | epoch: 1 pq: 9 rg: 37 | total time: 24.11m | eta: 4.7m
step 01598/01905 (83.88%) | loss: 3.277125 | lrm: 0.29 | dt: 893.65ms | tok/sec: 293,341 | bf16_mfu: 0.00 | epoch: 1 pq: 9 rg: 37 | total time: 24.13m | eta: 4.7m
step 01599/01905 (83.94%) | loss: 3.282970 | lrm: 0.28 | dt: 870.71ms | tok/sec: 301,070 | bf16_mfu: 0.00 | epoch: 1 pq: 9 rg: 37 | total time: 24.14m | eta: 4.6m
step 01600/01905 (83.99%) | loss: 3.262519 | lrm: 0.28 | dt: 892.33ms | tok/sec: 293,773 | bf16_mfu: 0.00 | epoch: 1 pq: 9 rg: 38 | total time: 24.16m | eta: 4.6m
step 01601/01905 (84.04%) | loss: 3.254912 | lrm: 0.28 | dt: 903.44ms | tok/sec: 290,162 | bf16_mfu: 0.00 | epoch: 1 pq: 9 rg: 38 | total time: 24.17m | eta: 4.6m
step 01602/01905 (84.09%) | loss: 3.255659 | lrm: 0.28 | dt: 932.49ms | tok/sec: 281,121 | bf16_mfu: 0.00 | epoch: 1 pq: 9 rg: 39 | total time: 24.19m | eta: 4.6m
step 01603/01905 (84.15%) | loss: 3.277745 | lrm: 0.28 | dt: 950.84ms | tok/sec: 275,696 | bf16_mfu: 0.00 | epoch: 1 pq: 9 rg: 39 | total time: 24.20m | eta: 4.6m
step 01604/01905 (84.20%) | loss: 3.283927 | lrm: 0.28 | dt: 920.30ms | tok/sec: 284,846 | bf16_mfu: 0.00 | epoch: 1 pq: 9 rg: 40 | total time: 24.22m | eta: 4.6m
step 01605/01905 (84.25%) | loss: 3.298384 | lrm: 0.28 | dt: 897.88ms | tok/sec: 291,959 | bf16_mfu: 0.00 | epoch: 1 pq: 9 rg: 40 | total time: 24.23m | eta: 4.6m
step 01606/01905 (84.30%) | loss: 3.303265 | lrm: 0.28 | dt: 919.14ms | tok/sec: 285,206 | bf16_mfu: 0.00 | epoch: 1 pq: 9 rg: 41 | total time: 24.25m | eta: 4.5m
step 01607/01905 (84.36%) | loss: 3.313619 | lrm: 0.28 | dt: 888.89ms | tok/sec: 294,910 | bf16_mfu: 0.00 | epoch: 1 pq: 9 rg: 41 | total time: 24.26m | eta: 4.5m
step 01608/01905 (84.41%) | loss: 3.305988 | lrm: 0.28 | dt: 901.93ms | tok/sec: 290,646 | bf16_mfu: 0.00 | epoch: 1 pq: 9 rg: 42 | total time: 24.28m | eta: 4.5m
step 01609/01905 (84.46%) | loss: 3.291619 | lrm: 0.28 | dt: 895.31ms | tok/sec: 292,797 | bf16_mfu: 0.00 | epoch: 1 pq: 9 rg: 42 | total time: 24.29m | eta: 4.5m
step 01610/01905 (84.51%) | loss: 3.284145 | lrm: 0.28 | dt: 915.54ms | tok/sec: 286,328 | bf16_mfu: 0.00 | epoch: 1 pq: 9 rg: 43 | total time: 24.31m | eta: 4.5m
step 01611/01905 (84.57%) | loss: 3.285387 | lrm: 0.28 | dt: 899.42ms | tok/sec: 291,457 | bf16_mfu: 0.00 | epoch: 1 pq: 9 rg: 43 | total time: 24.32m | eta: 4.5m
step 01612/01905 (84.62%) | loss: 3.293707 | lrm: 0.27 | dt: 917.67ms | tok/sec: 285,663 | bf16_mfu: 0.00 | epoch: 1 pq: 9 rg: 44 | total time: 24.34m | eta: 4.5m
step 01613/01905 (84.67%) | loss: 3.283949 | lrm: 0.27 | dt: 898.11ms | tok/sec: 291,885 | bf16_mfu: 0.00 | epoch: 1 pq: 9 rg: 44 | total time: 24.35m | eta: 4.4m
step 01614/01905 (84.72%) | loss: 3.295119 | lrm: 0.27 | dt: 914.11ms | tok/sec: 286,773 | bf16_mfu: 0.00 | epoch: 1 pq: 9 rg: 45 | total time: 24.37m | eta: 4.4m
step 01615/01905 (84.78%) | loss: 3.291442 | lrm: 0.27 | dt: 884.45ms | tok/sec: 296,391 | bf16_mfu: 0.00 | epoch: 1 pq: 9 rg: 45 | total time: 24.38m | eta: 4.4m
step 01616/01905 (84.83%) | loss: 3.269939 | lrm: 0.27 | dt: 910.42ms | tok/sec: 287,938 | bf16_mfu: 0.00 | epoch: 1 pq: 9 rg: 46 | total time: 24.40m | eta: 4.4m
step 01617/01905 (84.88%) | loss: 3.274183 | lrm: 0.27 | dt: 946.04ms | tok/sec: 277,096 | bf16_mfu: 0.00 | epoch: 1 pq: 9 rg: 46 | total time: 24.42m | eta: 4.4m
step 01618/01905 (84.93%) | loss: 3.258184 | lrm: 0.27 | dt: 924.81ms | tok/sec: 283,456 | bf16_mfu: 0.00 | epoch: 1 pq: 9 rg: 47 | total time: 24.43m | eta: 4.4m
step 01619/01905 (84.99%) | loss: 3.250237 | lrm: 0.27 | dt: 894.29ms | tok/sec: 293,130 | bf16_mfu: 0.00 | epoch: 1 pq: 9 rg: 47 | total time: 24.45m | eta: 4.3m
step 01620/01905 (85.04%) | loss: 3.260800 | lrm: 0.27 | dt: 912.32ms | tok/sec: 287,338 | bf16_mfu: 0.00 | epoch: 1 pq: 9 rg: 48 | total time: 24.46m | eta: 4.3m
step 01621/01905 (85.09%) | loss: 3.257449 | lrm: 0.27 | dt: 902.69ms | tok/sec: 290,403 | bf16_mfu: 0.00 | epoch: 1 pq: 9 rg: 48 | total time: 24.48m | eta: 4.3m
step 01622/01905 (85.14%) | loss: 3.254902 | lrm: 0.27 | dt: 897.70ms | tok/sec: 292,017 | bf16_mfu: 0.00 | epoch: 1 pq: 9 rg: 49 | total time: 24.49m | eta: 4.3m
step 01623/01905 (85.20%) | loss: 3.250242 | lrm: 0.27 | dt: 902.45ms | tok/sec: 290,480 | bf16_mfu: 0.00 | epoch: 1 pq: 9 rg: 49 | total time: 24.51m | eta: 4.3m
step 01624/01905 (85.25%) | loss: 3.270866 | lrm: 0.27 | dt: 911.82ms | tok/sec: 287,496 | bf16_mfu: 0.00 | epoch: 1 pq: 9 rg: 50 | total time: 24.52m | eta: 4.3m
step 01625/01905 (85.30%) | loss: 3.292444 | lrm: 0.26 | dt: 904.26ms | tok/sec: 289,899 | bf16_mfu: 0.00 | epoch: 1 pq: 9 rg: 50 | total time: 24.54m | eta: 4.3m
step 01626/01905 (85.35%) | loss: 3.340636 | lrm: 0.26 | dt: 921.18ms | tok/sec: 284,575 | bf16_mfu: 0.00 | epoch: 1 pq: 9 rg: 51 | total time: 24.55m | eta: 4.2m
step 01627/01905 (85.41%) | loss: 3.345706 | lrm: 0.26 | dt: 909.61ms | tok/sec: 288,195 | bf16_mfu: 0.00 | epoch: 1 pq: 9 rg: 51 | total time: 24.57m | eta: 4.2m
step 01628/01905 (85.46%) | loss: 3.338065 | lrm: 0.26 | dt: 920.16ms | tok/sec: 284,889 | bf16_mfu: 0.00 | epoch: 1 pq: 9 rg: 52 | total time: 24.58m | eta: 4.2m
[2026-08-11 17:17:42] OK   tokenizer -> gdrive:/tokenizer
step 01629/01905 (85.51%) | loss: 3.335381 | lrm: 0.26 | dt: 896.51ms | tok/sec: 292,405 | bf16_mfu: 0.00 | epoch: 1 pq: 9 rg: 52 | total time: 24.60m | eta: 4.2m
step 01630/01905 (85.56%) | loss: 3.331892 | lrm: 0.26 | dt: 922.05ms | tok/sec: 284,304 | bf16_mfu: 0.00 | epoch: 1 pq: 9 rg: 53 | total time: 24.61m | eta: 4.2m
[2026-08-11 17:17:44] OK   base_checkpoints -> gdrive:/base_checkpoints
step 01631/01905 (85.62%) | loss: 3.306077 | lrm: 0.26 | dt: 923.50ms | tok/sec: 283,858 | bf16_mfu: 0.00 | epoch: 1 pq: 9 rg: 53 | total time: 24.63m | eta: 4.2m
step 01632/01905 (85.67%) | loss: 3.317351 | lrm: 0.26 | dt: 920.75ms | tok/sec: 284,706 | bf16_mfu: 0.00 | epoch: 1 pq: 9 rg: 54 | total time: 24.64m | eta: 4.1m
step 01633/01905 (85.72%) | loss: 3.308814 | lrm: 0.26 | dt: 897.99ms | tok/sec: 291,923 | bf16_mfu: 0.00 | epoch: 1 pq: 9 rg: 54 | total time: 24.66m | eta: 4.1m
step 01634/01905 (85.77%) | loss: 3.309871 | lrm: 0.26 | dt: 923.13ms | tok/sec: 283,973 | bf16_mfu: 0.00 | epoch: 1 pq: 9 rg: 55 | total time: 24.67m | eta: 4.1m
step 01635/01905 (85.83%) | loss: 3.330276 | lrm: 0.26 | dt: 879.73ms | tok/sec: 297,983 | bf16_mfu: 0.00 | epoch: 1 pq: 9 rg: 55 | total time: 24.69m | eta: 4.1m
step 01636/01905 (85.88%) | loss: 3.335480 | lrm: 0.26 | dt: 864.34ms | tok/sec: 303,289 | bf16_mfu: 0.00 | epoch: 1 pq: 9 rg: 55 | total time: 24.70m | eta: 4.1m
step 01637/01905 (85.93%) | loss: 3.319617 | lrm: 0.26 | dt: 880.91ms | tok/sec: 297,582 | bf16_mfu: 0.00 | epoch: 1 pq: 9 rg: 56 | total time: 24.72m | eta: 4.1m
step 01638/01905 (85.98%) | loss: 3.323565 | lrm: 0.25 | dt: 881.57ms | tok/sec: 297,359 | bf16_mfu: 0.00 | epoch: 1 pq: 9 rg: 56 | total time: 24.73m | eta: 4.1m
step 01639/01905 (86.04%) | loss: 3.312800 | lrm: 0.25 | dt: 906.07ms | tok/sec: 289,321 | bf16_mfu: 0.00 | epoch: 1 pq: 9 rg: 57 | total time: 24.75m | eta: 4.0m
step 01640/01905 (86.09%) | loss: 3.296213 | lrm: 0.25 | dt: 897.63ms | tok/sec: 292,041 | bf16_mfu: 0.00 | epoch: 1 pq: 9 rg: 57 | total time: 24.76m | eta: 4.0m
step 01641/01905 (86.14%) | loss: 3.285389 | lrm: 0.25 | dt: 921.64ms | tok/sec: 284,433 | bf16_mfu: 0.00 | epoch: 1 pq: 9 rg: 58 | total time: 24.78m | eta: 4.0m
step 01642/01905 (86.19%) | loss: 3.285192 | lrm: 0.25 | dt: 902.57ms | tok/sec: 290,442 | bf16_mfu: 0.00 | epoch: 1 pq: 9 rg: 58 | total time: 24.79m | eta: 4.0m
step 01643/01905 (86.25%) | loss: 3.269323 | lrm: 0.25 | dt: 918.01ms | tok/sec: 285,556 | bf16_mfu: 0.00 | epoch: 1 pq: 9 rg: 59 | total time: 24.81m | eta: 4.0m
step 01644/01905 (86.30%) | loss: 3.279582 | lrm: 0.25 | dt: 904.35ms | tok/sec: 289,868 | bf16_mfu: 0.00 | epoch: 1 pq: 9 rg: 59 | total time: 24.82m | eta: 4.0m
step 01645/01905 (86.35%) | loss: 3.283972 | lrm: 0.25 | dt: 932.88ms | tok/sec: 281,005 | bf16_mfu: 0.00 | epoch: 1 pq: 9 rg: 60 | total time: 24.84m | eta: 3.9m
step 01646/01905 (86.40%) | loss: 3.253148 | lrm: 0.25 | dt: 942.48ms | tok/sec: 278,141 | bf16_mfu: 0.00 | epoch: 1 pq: 9 rg: 60 | total time: 24.85m | eta: 3.9m
step 01647/01905 (86.46%) | loss: 3.253688 | lrm: 0.25 | dt: 920.03ms | tok/sec: 284,929 | bf16_mfu: 0.00 | epoch: 1 pq: 9 rg: 61 | total time: 24.87m | eta: 3.9m
step 01648/01905 (86.51%) | loss: 3.226608 | lrm: 0.25 | dt: 893.48ms | tok/sec: 293,396 | bf16_mfu: 0.00 | epoch: 1 pq: 9 rg: 61 | total time: 24.88m | eta: 3.9m
step 01649/01905 (86.56%) | loss: 3.210656 | lrm: 0.25 | dt: 898.50ms | tok/sec: 291,756 | bf16_mfu: 0.00 | epoch: 1 pq: 9 rg: 62 | total time: 24.90m | eta: 3.9m
step 01650/01905 (86.61%) | loss: 3.252462 | lrm: 0.25 | dt: 890.65ms | tok/sec: 294,328 | bf16_mfu: 0.00 | epoch: 1 pq: 9 rg: 62 | total time: 24.91m | eta: 3.9m
step 01651/01905 (86.67%) | loss: 3.248535 | lrm: 0.24 | dt: 921.05ms | tok/sec: 284,614 | bf16_mfu: 0.00 | epoch: 1 pq: 9 rg: 63 | total time: 24.93m | eta: 3.9m
step 01652/01905 (86.72%) | loss: 3.229773 | lrm: 0.24 | dt: 890.35ms | tok/sec: 294,427 | bf16_mfu: 0.00 | epoch: 1 pq: 9 rg: 63 | total time: 24.94m | eta: 3.8m
step 01653/01905 (86.77%) | loss: 3.236431 | lrm: 0.24 | dt: 943.72ms | tok/sec: 277,778 | bf16_mfu: 0.00 | epoch: 1 pq: 9 rg: 64 | total time: 24.96m | eta: 3.8m
step 01654/01905 (86.82%) | loss: 3.231570 | lrm: 0.24 | dt: 892.50ms | tok/sec: 293,719 | bf16_mfu: 0.00 | epoch: 1 pq: 9 rg: 64 | total time: 24.98m | eta: 3.8m
step 01655/01905 (86.88%) | loss: 3.245417 | lrm: 0.24 | dt: 896.93ms | tok/sec: 292,267 | bf16_mfu: 0.00 | epoch: 1 pq: 9 rg: 65 | total time: 24.99m | eta: 3.8m
step 01656/01905 (86.93%) | loss: 3.229286 | lrm: 0.24 | dt: 863.25ms | tok/sec: 303,671 | bf16_mfu: 0.00 | epoch: 1 pq: 9 rg: 65 | total time: 25.00m | eta: 3.8m
step 01657/01905 (86.98%) | loss: 3.260716 | lrm: 0.24 | dt: 894.59ms | tok/sec: 293,032 | bf16_mfu: 0.00 | epoch: 1 pq: 9 rg: 66 | total time: 25.02m | eta: 3.8m
step 01658/01905 (87.03%) | loss: 3.273069 | lrm: 0.24 | dt: 865.37ms | tok/sec: 302,928 | bf16_mfu: 0.00 | epoch: 1 pq: 9 rg: 66 | total time: 25.03m | eta: 3.8m
step 01659/01905 (87.09%) | loss: 3.257691 | lrm: 0.24 | dt: 902.01ms | tok/sec: 290,622 | bf16_mfu: 0.00 | epoch: 1 pq: 9 rg: 67 | total time: 25.05m | eta: 3.7m
step 01660/01905 (87.14%) | loss: 3.271604 | lrm: 0.24 | dt: 927.34ms | tok/sec: 282,684 | bf16_mfu: 0.00 | epoch: 1 pq: 9 rg: 67 | total time: 25.06m | eta: 3.7m
step 01661/01905 (87.19%) | loss: 3.288319 | lrm: 0.24 | dt: 878.90ms | tok/sec: 298,264 | bf16_mfu: 0.00 | epoch: 1 pq: 9 rg: 68 | total time: 25.08m | eta: 3.7m
step 01662/01905 (87.24%) | loss: 3.281295 | lrm: 0.24 | dt: 864.19ms | tok/sec: 303,340 | bf16_mfu: 0.00 | epoch: 1 pq: 9 rg: 68 | total time: 25.09m | eta: 3.7m
step 01663/01905 (87.30%) | loss: 3.291042 | lrm: 0.24 | dt: 885.42ms | tok/sec: 296,068 | bf16_mfu: 0.00 | epoch: 1 pq: 9 rg: 69 | total time: 25.11m | eta: 3.7m
step 01664/01905 (87.35%) | loss: 3.278191 | lrm: 0.23 | dt: 864.57ms | tok/sec: 303,206 | bf16_mfu: 0.00 | epoch: 1 pq: 9 rg: 69 | total time: 25.12m | eta: 3.7m
step 01665/01905 (87.40%) | loss: 3.297334 | lrm: 0.23 | dt: 880.14ms | tok/sec: 297,845 | bf16_mfu: 0.00 | epoch: 1 pq: 9 rg: 70 | total time: 25.14m | eta: 3.6m
step 01666/01905 (87.45%) | loss: 3.300531 | lrm: 0.23 | dt: 899.75ms | tok/sec: 291,351 | bf16_mfu: 0.00 | epoch: 1 pq: 9 rg: 70 | total time: 25.15m | eta: 3.6m
step 01667/01905 (87.51%) | loss: 3.288970 | lrm: 0.23 | dt: 884.01ms | tok/sec: 296,540 | bf16_mfu: 0.00 | epoch: 1 pq: 9 rg: 70 | total time: 25.17m | eta: 3.6m
step 01668/01905 (87.56%) | loss: 3.283268 | lrm: 0.23 | dt: 918.64ms | tok/sec: 285,362 | bf16_mfu: 0.00 | epoch: 1 pq: 9 rg: 71 | total time: 25.18m | eta: 3.6m
step 01669/01905 (87.61%) | loss: 3.255136 | lrm: 0.23 | dt: 903.03ms | tok/sec: 290,293 | bf16_mfu: 0.00 | epoch: 1 pq: 9 rg: 71 | total time: 25.20m | eta: 3.6m
step 01670/01905 (87.66%) | loss: 3.231248 | lrm: 0.23 | dt: 874.84ms | tok/sec: 299,647 | bf16_mfu: 0.00 | epoch: 1 pq: 9 rg: 72 | total time: 25.21m | eta: 3.6m
step 01671/01905 (87.72%) | loss: 3.230394 | lrm: 0.23 | dt: 876.68ms | tok/sec: 299,018 | bf16_mfu: 0.00 | epoch: 1 pq: 9 rg: 72 | total time: 25.23m | eta: 3.6m
step 01672/01905 (87.77%) | loss: 3.236770 | lrm: 0.23 | dt: 876.70ms | tok/sec: 299,012 | bf16_mfu: 0.00 | epoch: 1 pq: 9 rg: 73 | total time: 25.24m | eta: 3.5m
step 01673/01905 (87.82%) | loss: 3.227889 | lrm: 0.23 | dt: 877.88ms | tok/sec: 298,609 | bf16_mfu: 0.00 | epoch: 1 pq: 9 rg: 73 | total time: 25.26m | eta: 3.5m
step 01674/01905 (87.87%) | loss: 3.229357 | lrm: 0.23 | dt: 901.87ms | tok/sec: 290,668 | bf16_mfu: 0.00 | epoch: 1 pq: 9 rg: 74 | total time: 25.27m | eta: 3.5m
step 01675/01905 (87.93%) | loss: 3.235649 | lrm: 0.23 | dt: 887.16ms | tok/sec: 295,485 | bf16_mfu: 0.00 | epoch: 1 pq: 9 rg: 74 | total time: 25.29m | eta: 3.5m
step 01676/01905 (87.98%) | loss: 3.221440 | lrm: 0.23 | dt: 905.34ms | tok/sec: 289,554 | bf16_mfu: 0.00 | epoch: 1 pq: 9 rg: 75 | total time: 25.30m | eta: 3.5m
step 01677/01905 (88.03%) | loss: 3.227789 | lrm: 0.22 | dt: 894.07ms | tok/sec: 293,202 | bf16_mfu: 0.00 | epoch: 1 pq: 9 rg: 75 | total time: 25.32m | eta: 3.5m
step 01678/01905 (88.08%) | loss: 3.217436 | lrm: 0.22 | dt: 925.92ms | tok/sec: 283,116 | bf16_mfu: 0.00 | epoch: 1 pq: 9 rg: 76 | total time: 25.33m | eta: 3.4m
step 01679/01905 (88.14%) | loss: 3.202825 | lrm: 0.22 | dt: 896.75ms | tok/sec: 292,326 | bf16_mfu: 0.00 | epoch: 1 pq: 9 rg: 76 | total time: 25.35m | eta: 3.4m
step 01680/01905 (88.19%) | loss: 3.202188 | lrm: 0.22 | dt: 913.82ms | tok/sec: 286,866 | bf16_mfu: 0.00 | epoch: 1 pq: 9 rg: 77 | total time: 25.36m | eta: 3.4m
step 01681/01905 (88.24%) | loss: 3.216121 | lrm: 0.22 | dt: 895.53ms | tok/sec: 292,725 | bf16_mfu: 0.00 | epoch: 1 pq: 9 rg: 77 | total time: 25.38m | eta: 3.4m
step 01682/01905 (88.29%) | loss: 3.238380 | lrm: 0.22 | dt: 930.91ms | tok/sec: 281,599 | bf16_mfu: 0.00 | epoch: 1 pq: 9 rg: 78 | total time: 25.39m | eta: 3.4m
step 01683/01905 (88.35%) | loss: 3.268843 | lrm: 0.22 | dt: 902.98ms | tok/sec: 290,308 | bf16_mfu: 0.00 | epoch: 1 pq: 9 rg: 78 | total time: 25.41m | eta: 3.4m
step 01684/01905 (88.40%) | loss: 3.252329 | lrm: 0.22 | dt: 924.54ms | tok/sec: 283,539 | bf16_mfu: 0.00 | epoch: 1 pq: 9 rg: 79 | total time: 25.42m | eta: 3.4m
step 01685/01905 (88.45%) | loss: 3.256938 | lrm: 0.22 | dt: 886.51ms | tok/sec: 295,702 | bf16_mfu: 0.00 | epoch: 1 pq: 9 rg: 79 | total time: 25.44m | eta: 3.3m
step 01686/01905 (88.50%) | loss: 3.262422 | lrm: 0.22 | dt: 908.03ms | tok/sec: 288,694 | bf16_mfu: 0.00 | epoch: 1 pq: 9 rg: 80 | total time: 25.45m | eta: 3.3m
step 01687/01905 (88.56%) | loss: 3.258063 | lrm: 0.22 | dt: 898.39ms | tok/sec: 291,792 | bf16_mfu: 0.00 | epoch: 1 pq: 9 rg: 80 | total time: 25.47m | eta: 3.3m
step 01688/01905 (88.61%) | loss: 3.226136 | lrm: 0.22 | dt: 927.99ms | tok/sec: 282,487 | bf16_mfu: 0.00 | epoch: 1 pq: 9 rg: 81 | total time: 25.48m | eta: 3.3m
step 01689/01905 (88.66%) | loss: 3.246589 | lrm: 0.22 | dt: 912.21ms | tok/sec: 287,371 | bf16_mfu: 0.00 | epoch: 1 pq: 9 rg: 81 | total time: 25.50m | eta: 3.3m
step 01690/01905 (88.71%) | loss: 3.248283 | lrm: 0.21 | dt: 914.74ms | tok/sec: 286,576 | bf16_mfu: 0.00 | epoch: 1 pq: 9 rg: 82 | total time: 25.51m | eta: 3.3m
step 01691/01905 (88.77%) | loss: 3.236910 | lrm: 0.21 | dt: 888.61ms | tok/sec: 295,003 | bf16_mfu: 0.00 | epoch: 1 pq: 9 rg: 82 | total time: 25.53m | eta: 3.2m
step 01692/01905 (88.82%) | loss: 3.221385 | lrm: 0.21 | dt: 932.07ms | tok/sec: 281,248 | bf16_mfu: 0.00 | epoch: 1 pq: 10 rg: 0 | total time: 25.54m | eta: 3.2m
step 01693/01905 (88.87%) | loss: 3.219202 | lrm: 0.21 | dt: 973.46ms | tok/sec: 269,290 | bf16_mfu: 0.00 | epoch: 1 pq: 10 rg: 0 | total time: 25.56m | eta: 3.2m
step 01694/01905 (88.92%) | loss: 3.228171 | lrm: 0.21 | dt: 919.81ms | tok/sec: 284,998 | bf16_mfu: 0.00 | epoch: 1 pq: 10 rg: 1 | total time: 25.57m | eta: 3.2m
step 01695/01905 (88.98%) | loss: 3.193970 | lrm: 0.21 | dt: 882.47ms | tok/sec: 297,058 | bf16_mfu: 0.00 | epoch: 1 pq: 10 rg: 1 | total time: 25.59m | eta: 3.2m
step 01696/01905 (89.03%) | loss: 3.187134 | lrm: 0.21 | dt: 910.12ms | tok/sec: 288,033 | bf16_mfu: 0.00 | epoch: 1 pq: 10 rg: 2 | total time: 25.60m | eta: 3.2m
step 01697/01905 (89.08%) | loss: 3.194858 | lrm: 0.21 | dt: 896.71ms | tok/sec: 292,338 | bf16_mfu: 0.00 | epoch: 1 pq: 10 rg: 2 | total time: 25.62m | eta: 3.2m
step 01698/01905 (89.13%) | loss: 3.205565 | lrm: 0.21 | dt: 934.35ms | tok/sec: 280,563 | bf16_mfu: 0.00 | epoch: 1 pq: 10 rg: 3 | total time: 25.64m | eta: 3.1m
[2026-08-11 17:18:45] OK   tokenizer -> gdrive:/tokenizer
step 01699/01905 (89.19%) | loss: 3.214570 | lrm: 0.21 | dt: 872.79ms | tok/sec: 300,351 | bf16_mfu: 0.00 | epoch: 1 pq: 10 rg: 3 | total time: 25.65m | eta: 3.1m
step 01700/01905 (89.24%) | loss: 3.200074 | lrm: 0.21 | dt: 905.42ms | tok/sec: 289,528 | bf16_mfu: 0.00 | epoch: 1 pq: 10 rg: 3 | total time: 25.66m | eta: 3.1m
[2026-08-11 17:18:48] OK   base_checkpoints -> gdrive:/base_checkpoints
step 01701/01905 (89.29%) | loss: 3.209271 | lrm: 0.21 | dt: 918.89ms | tok/sec: 285,284 | bf16_mfu: 0.00 | epoch: 1 pq: 10 rg: 4 | total time: 25.68m | eta: 3.1m
step 01702/01905 (89.34%) | loss: 3.206442 | lrm: 0.21 | dt: 898.01ms | tok/sec: 291,915 | bf16_mfu: 0.00 | epoch: 1 pq: 10 rg: 4 | total time: 25.70m | eta: 3.1m
step 01703/01905 (89.40%) | loss: 3.224327 | lrm: 0.21 | dt: 942.60ms | tok/sec: 278,106 | bf16_mfu: 0.00 | epoch: 1 pq: 10 rg: 5 | total time: 25.71m | eta: 3.1m
step 01704/01905 (89.45%) | loss: 3.215680 | lrm: 0.20 | dt: 897.23ms | tok/sec: 292,170 | bf16_mfu: 0.00 | epoch: 1 pq: 10 rg: 5 | total time: 25.73m | eta: 3.1m
step 01705/01905 (89.50%) | loss: 3.223889 | lrm: 0.20 | dt: 947.45ms | tok/sec: 276,684 | bf16_mfu: 0.00 | epoch: 1 pq: 10 rg: 6 | total time: 25.74m | eta: 3.0m
step 01706/01905 (89.55%) | loss: 3.231084 | lrm: 0.20 | dt: 898.34ms | tok/sec: 291,810 | bf16_mfu: 0.00 | epoch: 1 pq: 10 rg: 6 | total time: 25.76m | eta: 3.0m
step 01707/01905 (89.61%) | loss: 3.222719 | lrm: 0.20 | dt: 916.79ms | tok/sec: 285,937 | bf16_mfu: 0.00 | epoch: 1 pq: 10 rg: 7 | total time: 25.77m | eta: 3.0m
step 01708/01905 (89.66%) | loss: 3.226064 | lrm: 0.20 | dt: 889.65ms | tok/sec: 294,660 | bf16_mfu: 0.00 | epoch: 1 pq: 10 rg: 7 | total time: 25.79m | eta: 3.0m
step 01709/01905 (89.71%) | loss: 3.215591 | lrm: 0.20 | dt: 928.92ms | tok/sec: 282,202 | bf16_mfu: 0.00 | epoch: 1 pq: 10 rg: 8 | total time: 25.80m | eta: 3.0m
step 01710/01905 (89.76%) | loss: 3.203531 | lrm: 0.20 | dt: 921.66ms | tok/sec: 284,425 | bf16_mfu: 0.00 | epoch: 1 pq: 10 rg: 8 | total time: 25.82m | eta: 3.0m
step 01711/01905 (89.82%) | loss: 3.195272 | lrm: 0.20 | dt: 912.13ms | tok/sec: 287,397 | bf16_mfu: 0.00 | epoch: 1 pq: 10 rg: 9 | total time: 25.83m | eta: 2.9m
step 01712/01905 (89.87%) | loss: 3.194147 | lrm: 0.20 | dt: 894.16ms | tok/sec: 293,173 | bf16_mfu: 0.00 | epoch: 1 pq: 10 rg: 9 | total time: 25.85m | eta: 2.9m
step 01713/01905 (89.92%) | loss: 3.201257 | lrm: 0.20 | dt: 909.51ms | tok/sec: 288,225 | bf16_mfu: 0.00 | epoch: 1 pq: 10 rg: 10 | total time: 25.86m | eta: 2.9m
step 01714/01905 (89.97%) | loss: 3.187443 | lrm: 0.20 | dt: 890.24ms | tok/sec: 294,463 | bf16_mfu: 0.00 | epoch: 1 pq: 10 rg: 10 | total time: 25.88m | eta: 2.9m
step 01715/01905 (90.03%) | loss: 3.197992 | lrm: 0.20 | dt: 921.47ms | tok/sec: 284,483 | bf16_mfu: 0.00 | epoch: 1 pq: 10 rg: 11 | total time: 25.89m | eta: 2.9m
step 01716/01905 (90.08%) | loss: 3.199429 | lrm: 0.20 | dt: 900.91ms | tok/sec: 290,977 | bf16_mfu: 0.00 | epoch: 1 pq: 10 rg: 11 | total time: 25.91m | eta: 2.9m
step 01717/01905 (90.13%) | loss: 3.227773 | lrm: 0.19 | dt: 938.26ms | tok/sec: 279,393 | bf16_mfu: 0.00 | epoch: 1 pq: 10 rg: 12 | total time: 25.92m | eta: 2.9m
step 01718/01905 (90.18%) | loss: 3.236113 | lrm: 0.19 | dt: 883.36ms | tok/sec: 296,757 | bf16_mfu: 0.00 | epoch: 1 pq: 10 rg: 12 | total time: 25.94m | eta: 2.8m
step 01719/01905 (90.24%) | loss: 3.235966 | lrm: 0.19 | dt: 928.06ms | tok/sec: 282,466 | bf16_mfu: 0.00 | epoch: 1 pq: 10 rg: 13 | total time: 25.95m | eta: 2.8m
step 01720/01905 (90.29%) | loss: 3.232084 | lrm: 0.19 | dt: 1036.16ms | tok/sec: 252,996 | bf16_mfu: 0.00 | epoch: 1 pq: 10 rg: 13 | total time: 25.97m | eta: 2.8m
step 01721/01905 (90.34%) | loss: 3.223723 | lrm: 0.19 | dt: 910.94ms | tok/sec: 287,771 | bf16_mfu: 0.00 | epoch: 1 pq: 10 rg: 14 | total time: 25.99m | eta: 2.8m
step 01722/01905 (90.39%) | loss: 3.251640 | lrm: 0.19 | dt: 899.01ms | tok/sec: 291,591 | bf16_mfu: 0.00 | epoch: 1 pq: 10 rg: 14 | total time: 26.00m | eta: 2.8m
step 01723/01905 (90.45%) | loss: 3.286901 | lrm: 0.19 | dt: 911.29ms | tok/sec: 287,663 | bf16_mfu: 0.00 | epoch: 1 pq: 10 rg: 15 | total time: 26.02m | eta: 2.8m
step 01724/01905 (90.50%) | loss: 3.291167 | lrm: 0.19 | dt: 894.21ms | tok/sec: 293,157 | bf16_mfu: 0.00 | epoch: 1 pq: 10 rg: 15 | total time: 26.03m | eta: 2.7m
step 01725/01905 (90.55%) | loss: 3.301164 | lrm: 0.19 | dt: 919.54ms | tok/sec: 285,082 | bf16_mfu: 0.00 | epoch: 1 pq: 10 rg: 16 | total time: 26.05m | eta: 2.7m
step 01726/01905 (90.60%) | loss: 3.289224 | lrm: 0.19 | dt: 935.57ms | tok/sec: 280,196 | bf16_mfu: 0.00 | epoch: 1 pq: 10 rg: 16 | total time: 26.06m | eta: 2.7m
step 01727/01905 (90.66%) | loss: 3.286771 | lrm: 0.19 | dt: 917.90ms | tok/sec: 285,592 | bf16_mfu: 0.00 | epoch: 1 pq: 10 rg: 17 | total time: 26.08m | eta: 2.7m
step 01728/01905 (90.71%) | loss: 3.275005 | lrm: 0.19 | dt: 904.03ms | tok/sec: 289,971 | bf16_mfu: 0.00 | epoch: 1 pq: 10 rg: 17 | total time: 26.09m | eta: 2.7m
step 01729/01905 (90.76%) | loss: 3.280202 | lrm: 0.19 | dt: 913.97ms | tok/sec: 286,818 | bf16_mfu: 0.00 | epoch: 1 pq: 10 rg: 18 | total time: 26.11m | eta: 2.7m
step 01730/01905 (90.81%) | loss: 3.259060 | lrm: 0.18 | dt: 881.71ms | tok/sec: 297,311 | bf16_mfu: 0.00 | epoch: 1 pq: 10 rg: 18 | total time: 26.12m | eta: 2.7m
step 01731/01905 (90.87%) | loss: 3.246677 | lrm: 0.18 | dt: 912.94ms | tok/sec: 287,142 | bf16_mfu: 0.00 | epoch: 1 pq: 10 rg: 19 | total time: 26.14m | eta: 2.6m
step 01732/01905 (90.92%) | loss: 3.267446 | lrm: 0.18 | dt: 890.06ms | tok/sec: 294,525 | bf16_mfu: 0.00 | epoch: 1 pq: 10 rg: 19 | total time: 26.15m | eta: 2.6m
step 01733/01905 (90.97%) | loss: 3.263131 | lrm: 0.18 | dt: 911.25ms | tok/sec: 287,675 | bf16_mfu: 0.00 | epoch: 1 pq: 10 rg: 20 | total time: 26.17m | eta: 2.6m
step 01734/01905 (91.02%) | loss: 3.259861 | lrm: 0.18 | dt: 895.92ms | tok/sec: 292,598 | bf16_mfu: 0.00 | epoch: 1 pq: 10 rg: 20 | total time: 26.18m | eta: 2.6m
step 01735/01905 (91.08%) | loss: 3.252370 | lrm: 0.18 | dt: 935.09ms | tok/sec: 280,339 | bf16_mfu: 0.00 | epoch: 1 pq: 10 rg: 21 | total time: 26.20m | eta: 2.6m
step 01736/01905 (91.13%) | loss: 3.270432 | lrm: 0.18 | dt: 1004.17ms | tok/sec: 261,056 | bf16_mfu: 0.00 | epoch: 1 pq: 10 rg: 21 | total time: 26.22m | eta: 2.6m
step 01737/01905 (91.18%) | loss: 3.268086 | lrm: 0.18 | dt: 922.17ms | tok/sec: 284,269 | bf16_mfu: 0.00 | epoch: 1 pq: 10 rg: 22 | total time: 26.23m | eta: 2.6m
step 01738/01905 (91.23%) | loss: 3.274682 | lrm: 0.18 | dt: 890.76ms | tok/sec: 294,292 | bf16_mfu: 0.00 | epoch: 1 pq: 10 rg: 22 | total time: 26.25m | eta: 2.5m
step 01739/01905 (91.29%) | loss: 3.248772 | lrm: 0.18 | dt: 910.60ms | tok/sec: 287,880 | bf16_mfu: 0.00 | epoch: 1 pq: 10 rg: 23 | total time: 26.26m | eta: 2.5m
step 01740/01905 (91.34%) | loss: 3.244995 | lrm: 0.18 | dt: 890.60ms | tok/sec: 294,346 | bf16_mfu: 0.00 | epoch: 1 pq: 10 rg: 23 | total time: 26.28m | eta: 2.5m
step 01741/01905 (91.39%) | loss: 3.250703 | lrm: 0.18 | dt: 921.93ms | tok/sec: 284,342 | bf16_mfu: 0.00 | epoch: 1 pq: 10 rg: 24 | total time: 26.29m | eta: 2.5m
step 01742/01905 (91.44%) | loss: 3.220653 | lrm: 0.18 | dt: 904.01ms | tok/sec: 289,980 | bf16_mfu: 0.00 | epoch: 1 pq: 10 rg: 24 | total time: 26.31m | eta: 2.5m
step 01743/01905 (91.50%) | loss: 3.232722 | lrm: 0.17 | dt: 884.84ms | tok/sec: 296,262 | bf16_mfu: 0.00 | epoch: 1 pq: 10 rg: 24 | total time: 26.32m | eta: 2.5m
step 01744/01905 (91.55%) | loss: 3.217734 | lrm: 0.17 | dt: 923.06ms | tok/sec: 283,994 | bf16_mfu: 0.00 | epoch: 1 pq: 10 rg: 25 | total time: 26.34m | eta: 2.4m
step 01745/01905 (91.60%) | loss: 3.246444 | lrm: 0.17 | dt: 878.35ms | tok/sec: 298,450 | bf16_mfu: 0.00 | epoch: 1 pq: 10 rg: 25 | total time: 26.35m | eta: 2.4m
step 01746/01905 (91.65%) | loss: 3.261571 | lrm: 0.17 | dt: 968.77ms | tok/sec: 270,595 | bf16_mfu: 0.00 | epoch: 1 pq: 10 rg: 26 | total time: 26.37m | eta: 2.4m
step 01747/01905 (91.71%) | loss: 3.253310 | lrm: 0.17 | dt: 933.41ms | tok/sec: 280,844 | bf16_mfu: 0.00 | epoch: 1 pq: 10 rg: 26 | total time: 26.38m | eta: 2.4m
step 01748/01905 (91.76%) | loss: 3.232699 | lrm: 0.17 | dt: 927.62ms | tok/sec: 282,598 | bf16_mfu: 0.00 | epoch: 1 pq: 10 rg: 27 | total time: 26.40m | eta: 2.4m
step 01749/01905 (91.81%) | loss: 3.229886 | lrm: 0.17 | dt: 884.84ms | tok/sec: 296,261 | bf16_mfu: 0.00 | epoch: 1 pq: 10 rg: 27 | total time: 26.41m | eta: 2.4m
[2026-08-11 17:19:49] OK   tokenizer -> gdrive:/tokenizer
[2026-08-11 17:19:51] OK   base_checkpoints -> gdrive:/base_checkpoints
Step 01750 | Validation bpb: 0.984603
step 01750/01905 (91.86%) | loss: 3.252659 | lrm: 0.17 | dt: 901.61ms | tok/sec: 290,749 | bf16_mfu: 0.00 | epoch: 1 pq: 10 rg: 28 | total time: 26.43m | eta: 2.4m
step 01751/01905 (91.92%) | loss: 3.247044 | lrm: 0.17 | dt: 885.06ms | tok/sec: 296,187 | bf16_mfu: 0.00 | epoch: 1 pq: 10 rg: 28 | total time: 26.44m | eta: 2.3m
[2026-08-11 17:20:52] OK   tokenizer -> gdrive:/tokenizer
step 01752/01905 (91.97%) | loss: 3.260284 | lrm: 0.17 | dt: 911.92ms | tok/sec: 287,463 | bf16_mfu: 0.00 | epoch: 1 pq: 10 rg: 29 | total time: 26.46m | eta: 2.3m
step 01753/01905 (92.02%) | loss: 3.255903 | lrm: 0.17 | dt: 879.56ms | tok/sec: 298,039 | bf16_mfu: 0.00 | epoch: 1 pq: 10 rg: 29 | total time: 26.47m | eta: 2.3m
step 01754/01905 (92.07%) | loss: 3.219159 | lrm: 0.17 | dt: 911.14ms | tok/sec: 287,710 | bf16_mfu: 0.00 | epoch: 1 pq: 10 rg: 30 | total time: 26.49m | eta: 2.3m
[2026-08-11 17:20:54] OK   base_checkpoints -> gdrive:/base_checkpoints
step 01755/01905 (92.13%) | loss: 3.244175 | lrm: 0.17 | dt: 885.51ms | tok/sec: 296,036 | bf16_mfu: 0.00 | epoch: 1 pq: 10 rg: 30 | total time: 26.50m | eta: 2.3m
step 01756/01905 (92.18%) | loss: 3.252700 | lrm: 0.16 | dt: 923.66ms | tok/sec: 283,810 | bf16_mfu: 0.00 | epoch: 1 pq: 10 rg: 31 | total time: 26.52m | eta: 2.3m
step 01757/01905 (92.23%) | loss: 3.251811 | lrm: 0.16 | dt: 901.49ms | tok/sec: 290,789 | bf16_mfu: 0.00 | epoch: 1 pq: 10 rg: 31 | total time: 26.53m | eta: 2.2m
step 01758/01905 (92.28%) | loss: 3.266566 | lrm: 0.16 | dt: 904.98ms | tok/sec: 289,666 | bf16_mfu: 0.00 | epoch: 1 pq: 10 rg: 32 | total time: 26.55m | eta: 2.2m
step 01759/01905 (92.34%) | loss: 3.276732 | lrm: 0.16 | dt: 903.58ms | tok/sec: 290,117 | bf16_mfu: 0.00 | epoch: 1 pq: 10 rg: 32 | total time: 26.56m | eta: 2.2m
step 01760/01905 (92.39%) | loss: 3.278057 | lrm: 0.16 | dt: 901.88ms | tok/sec: 290,662 | bf16_mfu: 0.00 | epoch: 1 pq: 10 rg: 33 | total time: 26.58m | eta: 2.2m
step 01761/01905 (92.44%) | loss: 3.282313 | lrm: 0.16 | dt: 874.94ms | tok/sec: 299,614 | bf16_mfu: 0.00 | epoch: 1 pq: 10 rg: 33 | total time: 26.59m | eta: 2.2m
step 01762/01905 (92.49%) | loss: 3.267276 | lrm: 0.16 | dt: 907.57ms | tok/sec: 288,842 | bf16_mfu: 0.00 | epoch: 1 pq: 10 rg: 34 | total time: 26.61m | eta: 2.2m
step 01763/01905 (92.55%) | loss: 3.251711 | lrm: 0.16 | dt: 899.68ms | tok/sec: 291,375 | bf16_mfu: 0.00 | epoch: 1 pq: 10 rg: 34 | total time: 26.62m | eta: 2.2m
step 01764/01905 (92.60%) | loss: 3.247721 | lrm: 0.16 | dt: 921.43ms | tok/sec: 284,497 | bf16_mfu: 0.00 | epoch: 1 pq: 10 rg: 35 | total time: 26.64m | eta: 2.1m
step 01765/01905 (92.65%) | loss: 3.248124 | lrm: 0.16 | dt: 893.79ms | tok/sec: 293,294 | bf16_mfu: 0.00 | epoch: 1 pq: 10 rg: 35 | total time: 26.65m | eta: 2.1m
step 01766/01905 (92.70%) | loss: 3.253190 | lrm: 0.16 | dt: 876.12ms | tok/sec: 299,209 | bf16_mfu: 0.00 | epoch: 1 pq: 10 rg: 35 | total time: 26.67m | eta: 2.1m
step 01767/01905 (92.76%) | loss: 3.239308 | lrm: 0.16 | dt: 920.04ms | tok/sec: 284,927 | bf16_mfu: 0.00 | epoch: 1 pq: 10 rg: 36 | total time: 26.68m | eta: 2.1m
step 01768/01905 (92.81%) | loss: 3.225711 | lrm: 0.16 | dt: 890.63ms | tok/sec: 294,334 | bf16_mfu: 0.00 | epoch: 1 pq: 10 rg: 36 | total time: 26.70m | eta: 2.1m
step 01769/01905 (92.86%) | loss: 3.207981 | lrm: 0.15 | dt: 909.17ms | tok/sec: 288,332 | bf16_mfu: 0.00 | epoch: 1 pq: 10 rg: 37 | total time: 26.71m | eta: 2.1m
step 01770/01905 (92.91%) | loss: 3.206643 | lrm: 0.15 | dt: 901.24ms | tok/sec: 290,871 | bf16_mfu: 0.00 | epoch: 1 pq: 10 rg: 37 | total time: 26.73m | eta: 2.1m
step 01771/01905 (92.97%) | loss: 3.192988 | lrm: 0.15 | dt: 910.36ms | tok/sec: 287,956 | bf16_mfu: 0.00 | epoch: 1 pq: 10 rg: 38 | total time: 26.74m | eta: 2.0m
step 01772/01905 (93.02%) | loss: 3.174762 | lrm: 0.15 | dt: 887.34ms | tok/sec: 295,427 | bf16_mfu: 0.00 | epoch: 1 pq: 10 rg: 38 | total time: 26.76m | eta: 2.0m
step 01773/01905 (93.07%) | loss: 3.206600 | lrm: 0.15 | dt: 917.17ms | tok/sec: 285,819 | bf16_mfu: 0.00 | epoch: 1 pq: 10 rg: 39 | total time: 26.77m | eta: 2.0m
step 01774/01905 (93.12%) | loss: 3.222993 | lrm: 0.15 | dt: 881.79ms | tok/sec: 297,285 | bf16_mfu: 0.00 | epoch: 1 pq: 10 rg: 39 | total time: 26.79m | eta: 2.0m
step 01775/01905 (93.18%) | loss: 3.208176 | lrm: 0.15 | dt: 917.64ms | tok/sec: 285,672 | bf16_mfu: 0.00 | epoch: 1 pq: 10 rg: 40 | total time: 26.80m | eta: 2.0m
step 01776/01905 (93.23%) | loss: 3.190553 | lrm: 0.15 | dt: 883.21ms | tok/sec: 296,808 | bf16_mfu: 0.00 | epoch: 1 pq: 10 rg: 40 | total time: 26.82m | eta: 2.0m
step 01777/01905 (93.28%) | loss: 3.173391 | lrm: 0.15 | dt: 902.75ms | tok/sec: 290,385 | bf16_mfu: 0.00 | epoch: 1 pq: 10 rg: 41 | total time: 26.83m | eta: 1.9m
step 01778/01905 (93.33%) | loss: 3.165881 | lrm: 0.15 | dt: 881.22ms | tok/sec: 297,479 | bf16_mfu: 0.00 | epoch: 1 pq: 10 rg: 41 | total time: 26.85m | eta: 1.9m
step 01779/01905 (93.39%) | loss: 3.193092 | lrm: 0.15 | dt: 906.81ms | tok/sec: 289,083 | bf16_mfu: 0.00 | epoch: 1 pq: 10 rg: 42 | total time: 26.86m | eta: 1.9m
step 01780/01905 (93.44%) | loss: 3.195821 | lrm: 0.15 | dt: 883.68ms | tok/sec: 296,648 | bf16_mfu: 0.00 | epoch: 1 pq: 10 rg: 42 | total time: 26.88m | eta: 1.9m
step 01781/01905 (93.49%) | loss: 3.186323 | lrm: 0.15 | dt: 901.38ms | tok/sec: 290,825 | bf16_mfu: 0.00 | epoch: 1 pq: 10 rg: 43 | total time: 26.89m | eta: 1.9m
step 01782/01905 (93.54%) | loss: 3.181886 | lrm: 0.14 | dt: 892.52ms | tok/sec: 293,713 | bf16_mfu: 0.00 | epoch: 1 pq: 10 rg: 43 | total time: 26.91m | eta: 1.9m
step 01783/01905 (93.60%) | loss: 3.195386 | lrm: 0.14 | dt: 905.01ms | tok/sec: 289,658 | bf16_mfu: 0.00 | epoch: 1 pq: 10 rg: 44 | total time: 26.92m | eta: 1.9m
step 01784/01905 (93.65%) | loss: 3.207537 | lrm: 0.14 | dt: 885.93ms | tok/sec: 295,897 | bf16_mfu: 0.00 | epoch: 1 pq: 10 rg: 44 | total time: 26.94m | eta: 1.8m
step 01785/01905 (93.70%) | loss: 3.190989 | lrm: 0.14 | dt: 931.21ms | tok/sec: 281,510 | bf16_mfu: 0.00 | epoch: 1 pq: 10 rg: 45 | total time: 26.95m | eta: 1.8m
step 01786/01905 (93.75%) | loss: 3.210740 | lrm: 0.14 | dt: 894.95ms | tok/sec: 292,914 | bf16_mfu: 0.00 | epoch: 1 pq: 10 rg: 45 | total time: 26.97m | eta: 1.8m
step 01787/01905 (93.81%) | loss: 3.222488 | lrm: 0.14 | dt: 986.80ms | tok/sec: 265,651 | bf16_mfu: 0.00 | epoch: 1 pq: 10 rg: 46 | total time: 26.98m | eta: 1.8m
step 01788/01905 (93.86%) | loss: 3.192716 | lrm: 0.14 | dt: 875.88ms | tok/sec: 299,291 | bf16_mfu: 0.00 | epoch: 1 pq: 10 rg: 46 | total time: 27.00m | eta: 1.8m
step 01789/01905 (93.91%) | loss: 3.211104 | lrm: 0.14 | dt: 911.35ms | tok/sec: 287,644 | bf16_mfu: 0.00 | epoch: 1 pq: 10 rg: 47 | total time: 27.01m | eta: 1.8m
step 01790/01905 (93.96%) | loss: 3.226484 | lrm: 0.14 | dt: 908.03ms | tok/sec: 288,694 | bf16_mfu: 0.00 | epoch: 1 pq: 10 rg: 47 | total time: 27.03m | eta: 1.7m
step 01791/01905 (94.02%) | loss: 3.235110 | lrm: 0.14 | dt: 915.55ms | tok/sec: 286,324 | bf16_mfu: 0.00 | epoch: 1 pq: 10 rg: 48 | total time: 27.04m | eta: 1.7m
step 01792/01905 (94.07%) | loss: 3.239118 | lrm: 0.14 | dt: 908.61ms | tok/sec: 288,509 | bf16_mfu: 0.00 | epoch: 1 pq: 10 rg: 48 | total time: 27.06m | eta: 1.7m
step 01793/01905 (94.12%) | loss: 3.224133 | lrm: 0.14 | dt: 920.54ms | tok/sec: 284,772 | bf16_mfu: 0.00 | epoch: 1 pq: 10 rg: 49 | total time: 27.07m | eta: 1.7m
step 01794/01905 (94.17%) | loss: 3.214507 | lrm: 0.14 | dt: 892.81ms | tok/sec: 293,615 | bf16_mfu: 0.00 | epoch: 1 pq: 10 rg: 49 | total time: 27.09m | eta: 1.7m
step 01795/01905 (94.23%) | loss: 3.200003 | lrm: 0.13 | dt: 872.96ms | tok/sec: 300,293 | bf16_mfu: 0.00 | epoch: 1 pq: 10 rg: 49 | total time: 27.10m | eta: 1.7m
step 01796/01905 (94.28%) | loss: 3.194539 | lrm: 0.13 | dt: 915.78ms | tok/sec: 286,252 | bf16_mfu: 0.00 | epoch: 1 pq: 10 rg: 50 | total time: 27.12m | eta: 1.7m
step 01797/01905 (94.33%) | loss: 3.188885 | lrm: 0.13 | dt: 908.77ms | tok/sec: 288,459 | bf16_mfu: 0.00 | epoch: 1 pq: 10 rg: 50 | total time: 27.13m | eta: 1.6m
step 01798/01905 (94.38%) | loss: 3.190974 | lrm: 0.13 | dt: 911.44ms | tok/sec: 287,616 | bf16_mfu: 0.00 | epoch: 1 pq: 10 rg: 51 | total time: 27.15m | eta: 1.6m
step 01799/01905 (94.44%) | loss: 3.205017 | lrm: 0.13 | dt: 902.94ms | tok/sec: 290,324 | bf16_mfu: 0.00 | epoch: 1 pq: 10 rg: 51 | total time: 27.16m | eta: 1.6m
2026-08-11 17:21:35,012 - nanochat.checkpoint_manager - INFO - Saved model parameters to: /root/nanochat_cache/base_checkpoints/a10/model_001800.pt
2026-08-11 17:21:35,012 - nanochat.checkpoint_manager - INFO - Saved metadata to: /root/nanochat_cache/base_checkpoints/a10/meta_001800.json
2026-08-11 17:21:35,412 - nanochat.checkpoint_manager - INFO - Saved optimizer state to: /root/nanochat_cache/base_checkpoints/a10/optim_001800_rank0.pt
step 01800/01905 (94.49%) | loss: 3.227508 | lrm: 0.13 | dt: 896.53ms | tok/sec: 292,399 | bf16_mfu: 0.00 | epoch: 1 pq: 10 rg: 52 | total time: 27.18m | eta: 1.6m
step 01801/01905 (94.54%) | loss: 3.268327 | lrm: 0.13 | dt: 898.44ms | tok/sec: 291,776 | bf16_mfu: 0.00 | epoch: 1 pq: 10 rg: 52 | total time: 27.19m | eta: 1.6m
step 01802/01905 (94.59%) | loss: 3.257038 | lrm: 0.13 | dt: 914.16ms | tok/sec: 286,759 | bf16_mfu: 0.00 | epoch: 1 pq: 10 rg: 53 | total time: 27.21m | eta: 1.6m
step 01803/01905 (94.65%) | loss: 3.224219 | lrm: 0.13 | dt: 874.70ms | tok/sec: 299,695 | bf16_mfu: 0.00 | epoch: 1 pq: 10 rg: 53 | total time: 27.22m | eta: 1.5m
step 01804/01905 (94.70%) | loss: 3.209261 | lrm: 0.13 | dt: 908.14ms | tok/sec: 288,659 | bf16_mfu: 0.00 | epoch: 1 pq: 10 rg: 54 | total time: 27.24m | eta: 1.5m
step 01805/01905 (94.75%) | loss: 3.207338 | lrm: 0.13 | dt: 895.87ms | tok/sec: 292,612 | bf16_mfu: 0.00 | epoch: 1 pq: 10 rg: 54 | total time: 27.25m | eta: 1.5m
step 01806/01905 (94.80%) | loss: 3.211262 | lrm: 0.13 | dt: 915.44ms | tok/sec: 286,357 | bf16_mfu: 0.00 | epoch: 1 pq: 10 rg: 55 | total time: 27.27m | eta: 1.5m
step 01807/01905 (94.86%) | loss: 3.196272 | lrm: 0.13 | dt: 900.61ms | tok/sec: 291,073 | bf16_mfu: 0.00 | epoch: 1 pq: 10 rg: 55 | total time: 27.28m | eta: 1.5m
step 01808/01905 (94.91%) | loss: 3.188560 | lrm: 0.12 | dt: 917.28ms | tok/sec: 285,783 | bf16_mfu: 0.00 | epoch: 1 pq: 10 rg: 56 | total time: 27.30m | eta: 1.5m
step 01809/01905 (94.96%) | loss: 3.195266 | lrm: 0.12 | dt: 884.79ms | tok/sec: 296,277 | bf16_mfu: 0.00 | epoch: 1 pq: 10 rg: 56 | total time: 27.31m | eta: 1.5m
step 01810/01905 (95.01%) | loss: 3.213444 | lrm: 0.12 | dt: 913.51ms | tok/sec: 286,964 | bf16_mfu: 0.00 | epoch: 1 pq: 10 rg: 57 | total time: 27.33m | eta: 1.4m
step 01811/01905 (95.07%) | loss: 3.209940 | lrm: 0.12 | dt: 889.27ms | tok/sec: 294,787 | bf16_mfu: 0.00 | epoch: 1 pq: 10 rg: 57 | total time: 27.34m | eta: 1.4m
step 01812/01905 (95.12%) | loss: 3.223664 | lrm: 0.12 | dt: 902.50ms | tok/sec: 290,465 | bf16_mfu: 0.00 | epoch: 1 pq: 10 rg: 58 | total time: 27.36m | eta: 1.4m
step 01813/01905 (95.17%) | loss: 3.209556 | lrm: 0.12 | dt: 877.77ms | tok/sec: 298,646 | bf16_mfu: 0.00 | epoch: 1 pq: 10 rg: 58 | total time: 27.37m | eta: 1.4m
step 01814/01905 (95.22%) | loss: 3.221907 | lrm: 0.12 | dt: 907.27ms | tok/sec: 288,936 | bf16_mfu: 0.00 | epoch: 1 pq: 10 rg: 59 | total time: 27.39m | eta: 1.4m
step 01815/01905 (95.28%) | loss: 3.234173 | lrm: 0.12 | dt: 880.64ms | tok/sec: 297,673 | bf16_mfu: 0.00 | epoch: 1 pq: 10 rg: 59 | total time: 27.40m | eta: 1.4m
step 01816/01905 (95.33%) | loss: 3.229797 | lrm: 0.12 | dt: 921.99ms | tok/sec: 284,325 | bf16_mfu: 0.00 | epoch: 1 pq: 10 rg: 60 | total time: 27.42m | eta: 1.4m
step 01817/01905 (95.38%) | loss: 3.224666 | lrm: 0.12 | dt: 907.07ms | tok/sec: 288,999 | bf16_mfu: 0.00 | epoch: 1 pq: 10 rg: 60 | total time: 27.43m | eta: 1.3m
step 01818/01905 (95.43%) | loss: 3.235915 | lrm: 0.12 | dt: 918.96ms | tok/sec: 285,262 | bf16_mfu: 0.00 | epoch: 1 pq: 10 rg: 61 | total time: 27.45m | eta: 1.3m
step 01819/01905 (95.49%) | loss: 3.238134 | lrm: 0.12 | dt: 887.20ms | tok/sec: 295,472 | bf16_mfu: 0.00 | epoch: 1 pq: 10 rg: 61 | total time: 27.46m | eta: 1.3m
step 01820/01905 (95.54%) | loss: 3.242155 | lrm: 0.12 | dt: 945.60ms | tok/sec: 277,226 | bf16_mfu: 0.00 | epoch: 1 pq: 10 rg: 62 | total time: 27.48m | eta: 1.3m
step 01821/01905 (95.59%) | loss: 3.234179 | lrm: 0.11 | dt: 879.23ms | tok/sec: 298,153 | bf16_mfu: 0.00 | epoch: 1 pq: 10 rg: 62 | total time: 27.50m | eta: 1.3m
[2026-08-11 17:21:55] OK   tokenizer -> gdrive:/tokenizer
step 01822/01905 (95.64%) | loss: 3.220179 | lrm: 0.11 | dt: 932.90ms | tok/sec: 280,999 | bf16_mfu: 0.00 | epoch: 1 pq: 10 rg: 63 | total time: 27.51m | eta: 1.3m
step 01823/01905 (95.70%) | loss: 3.231312 | lrm: 0.11 | dt: 909.83ms | tok/sec: 288,124 | bf16_mfu: 0.00 | epoch: 1 pq: 10 rg: 63 | total time: 27.53m | eta: 1.2m
step 01824/01905 (95.75%) | loss: 3.232436 | lrm: 0.11 | dt: 899.81ms | tok/sec: 291,331 | bf16_mfu: 0.00 | epoch: 1 pq: 10 rg: 63 | total time: 27.54m | eta: 1.2m
step 01825/01905 (95.80%) | loss: 3.234556 | lrm: 0.11 | dt: 910.26ms | tok/sec: 287,988 | bf16_mfu: 0.00 | epoch: 1 pq: 10 rg: 64 | total time: 27.56m | eta: 1.2m
step 01826/01905 (95.85%) | loss: 3.225079 | lrm: 0.11 | dt: 882.28ms | tok/sec: 297,120 | bf16_mfu: 0.00 | epoch: 1 pq: 10 rg: 64 | total time: 27.57m | eta: 1.2m
step 01827/01905 (95.91%) | loss: 3.252301 | lrm: 0.11 | dt: 925.05ms | tok/sec: 283,383 | bf16_mfu: 0.00 | epoch: 1 pq: 10 rg: 65 | total time: 27.59m | eta: 1.2m
step 01828/01905 (95.96%) | loss: 3.242604 | lrm: 0.11 | dt: 890.21ms | tok/sec: 294,475 | bf16_mfu: 0.00 | epoch: 1 pq: 10 rg: 65 | total time: 27.60m | eta: 1.2m
step 01829/01905 (96.01%) | loss: 3.231262 | lrm: 0.11 | dt: 887.04ms | tok/sec: 295,528 | bf16_mfu: 0.00 | epoch: 1 pq: 10 rg: 66 | total time: 27.62m | eta: 1.2m
step 01830/01905 (96.06%) | loss: 3.215235 | lrm: 0.11 | dt: 879.89ms | tok/sec: 297,928 | bf16_mfu: 0.00 | epoch: 1 pq: 10 rg: 66 | total time: 27.63m | eta: 1.1m
step 01831/01905 (96.12%) | loss: 3.224326 | lrm: 0.11 | dt: 899.36ms | tok/sec: 291,479 | bf16_mfu: 0.00 | epoch: 1 pq: 10 rg: 67 | total time: 27.65m | eta: 1.1m
step 01832/01905 (96.17%) | loss: 3.220357 | lrm: 0.11 | dt: 897.24ms | tok/sec: 292,166 | bf16_mfu: 0.00 | epoch: 1 pq: 10 rg: 67 | total time: 27.66m | eta: 1.1m
step 01833/01905 (96.22%) | loss: 3.211355 | lrm: 0.11 | dt: 898.38ms | tok/sec: 291,796 | bf16_mfu: 0.00 | epoch: 1 pq: 10 rg: 68 | total time: 27.68m | eta: 1.1m
step 01834/01905 (96.27%) | loss: 3.225717 | lrm: 0.10 | dt: 895.27ms | tok/sec: 292,808 | bf16_mfu: 0.00 | epoch: 1 pq: 10 rg: 68 | total time: 27.69m | eta: 1.1m
step 01835/01905 (96.33%) | loss: 3.185986 | lrm: 0.10 | dt: 928.28ms | tok/sec: 282,397 | bf16_mfu: 0.00 | epoch: 1 pq: 10 rg: 69 | total time: 27.71m | eta: 1.1m
step 01836/01905 (96.38%) | loss: 3.193996 | lrm: 0.10 | dt: 891.75ms | tok/sec: 293,965 | bf16_mfu: 0.00 | epoch: 1 pq: 10 rg: 69 | total time: 27.72m | eta: 1.0m
step 01837/01905 (96.43%) | loss: 3.187451 | lrm: 0.10 | dt: 906.78ms | tok/sec: 289,091 | bf16_mfu: 0.00 | epoch: 1 pq: 10 rg: 70 | total time: 27.74m | eta: 1.0m
step 01838/01905 (96.48%) | loss: 3.168148 | lrm: 0.10 | dt: 914.92ms | tok/sec: 286,520 | bf16_mfu: 0.00 | epoch: 1 pq: 10 rg: 70 | total time: 27.75m | eta: 1.0m
step 01839/01905 (96.54%) | loss: 3.185085 | lrm: 0.10 | dt: 904.32ms | tok/sec: 289,880 | bf16_mfu: 0.00 | epoch: 1 pq: 10 rg: 71 | total time: 27.77m | eta: 1.0m
step 01840/01905 (96.59%) | loss: 3.176168 | lrm: 0.10 | dt: 881.85ms | tok/sec: 297,265 | bf16_mfu: 0.00 | epoch: 1 pq: 10 rg: 71 | total time: 27.78m | eta: 1.0m
step 01841/01905 (96.64%) | loss: 3.182774 | lrm: 0.10 | dt: 884.97ms | tok/sec: 296,218 | bf16_mfu: 0.00 | epoch: 1 pq: 10 rg: 72 | total time: 27.80m | eta: 1.0m
step 01842/01905 (96.69%) | loss: 3.173896 | lrm: 0.10 | dt: 871.49ms | tok/sec: 300,801 | bf16_mfu: 0.00 | epoch: 1 pq: 10 rg: 72 | total time: 27.81m | eta: 1.0m
step 01843/01905 (96.75%) | loss: 3.191516 | lrm: 0.10 | dt: 912.18ms | tok/sec: 287,381 | bf16_mfu: 0.00 | epoch: 1 pq: 10 rg: 73 | total time: 27.83m | eta: 0.9m
step 01844/01905 (96.80%) | loss: 3.182854 | lrm: 0.10 | dt: 893.06ms | tok/sec: 293,535 | bf16_mfu: 0.00 | epoch: 1 pq: 10 rg: 73 | total time: 27.84m | eta: 0.9m
step 01845/01905 (96.85%) | loss: 3.190288 | lrm: 0.10 | dt: 919.59ms | tok/sec: 285,066 | bf16_mfu: 0.00 | epoch: 1 pq: 10 rg: 74 | total time: 27.86m | eta: 0.9m
step 01846/01905 (96.90%) | loss: 3.209010 | lrm: 0.10 | dt: 894.93ms | tok/sec: 292,922 | bf16_mfu: 0.00 | epoch: 1 pq: 10 rg: 74 | total time: 27.87m | eta: 0.9m
step 01847/01905 (96.96%) | loss: 3.217137 | lrm: 0.09 | dt: 909.65ms | tok/sec: 288,181 | bf16_mfu: 0.00 | epoch: 1 pq: 10 rg: 75 | total time: 27.89m | eta: 0.9m
step 01848/01905 (97.01%) | loss: 3.199591 | lrm: 0.09 | dt: 889.08ms | tok/sec: 294,848 | bf16_mfu: 0.00 | epoch: 1 pq: 10 rg: 75 | total time: 27.90m | eta: 0.9m
step 01849/01905 (97.06%) | loss: 3.189415 | lrm: 0.09 | dt: 909.31ms | tok/sec: 288,287 | bf16_mfu: 0.00 | epoch: 1 pq: 10 rg: 76 | total time: 27.92m | eta: 0.9m
step 01850/01905 (97.11%) | loss: 3.186255 | lrm: 0.09 | dt: 887.74ms | tok/sec: 295,294 | bf16_mfu: 0.00 | epoch: 1 pq: 10 rg: 76 | total time: 27.93m | eta: 0.8m
step 01851/01905 (97.17%) | loss: 3.202144 | lrm: 0.09 | dt: 891.19ms | tok/sec: 294,150 | bf16_mfu: 0.00 | epoch: 1 pq: 10 rg: 77 | total time: 27.94m | eta: 0.8m
step 01852/01905 (97.22%) | loss: 3.164024 | lrm: 0.09 | dt: 887.86ms | tok/sec: 295,252 | bf16_mfu: 0.00 | epoch: 1 pq: 10 rg: 77 | total time: 27.96m | eta: 0.8m
step 01853/01905 (97.27%) | loss: 3.192330 | lrm: 0.09 | dt: 898.00ms | tok/sec: 291,918 | bf16_mfu: 0.00 | epoch: 1 pq: 10 rg: 78 | total time: 27.97m | eta: 0.8m
step 01854/01905 (97.32%) | loss: 3.205938 | lrm: 0.09 | dt: 864.41ms | tok/sec: 303,264 | bf16_mfu: 0.00 | epoch: 1 pq: 10 rg: 78 | total time: 27.99m | eta: 0.8m
step 01855/01905 (97.38%) | loss: 3.197552 | lrm: 0.09 | dt: 861.91ms | tok/sec: 304,144 | bf16_mfu: 0.00 | epoch: 1 pq: 10 rg: 78 | total time: 28.00m | eta: 0.8m
step 01856/01905 (97.43%) | loss: 3.183600 | lrm: 0.09 | dt: 889.97ms | tok/sec: 294,552 | bf16_mfu: 0.00 | epoch: 1 pq: 10 rg: 79 | total time: 28.02m | eta: 0.7m
step 01857/01905 (97.48%) | loss: 3.179311 | lrm: 0.09 | dt: 885.92ms | tok/sec: 295,899 | bf16_mfu: 0.00 | epoch: 1 pq: 10 rg: 79 | total time: 28.03m | eta: 0.7m
step 01858/01905 (97.53%) | loss: 3.189833 | lrm: 0.09 | dt: 887.44ms | tok/sec: 295,393 | bf16_mfu: 0.00 | epoch: 1 pq: 10 rg: 80 | total time: 28.05m | eta: 0.7m
step 01859/01905 (97.59%) | loss: 3.197461 | lrm: 0.09 | dt: 860.49ms | tok/sec: 304,643 | bf16_mfu: 0.00 | epoch: 1 pq: 10 rg: 80 | total time: 28.06m | eta: 0.7m
step 01860/01905 (97.64%) | loss: 3.190664 | lrm: 0.08 | dt: 880.89ms | tok/sec: 297,588 | bf16_mfu: 0.00 | epoch: 1 pq: 10 rg: 81 | total time: 28.08m | eta: 0.7m
step 01861/01905 (97.69%) | loss: 3.206810 | lrm: 0.08 | dt: 893.86ms | tok/sec: 293,270 | bf16_mfu: 0.00 | epoch: 1 pq: 10 rg: 81 | total time: 28.09m | eta: 0.7m
step 01862/01905 (97.74%) | loss: 3.229923 | lrm: 0.08 | dt: 910.71ms | tok/sec: 287,846 | bf16_mfu: 0.00 | epoch: 1 pq: 10 rg: 82 | total time: 28.11m | eta: 0.7m
step 01863/01905 (97.80%) | loss: 3.211116 | lrm: 0.08 | dt: 881.74ms | tok/sec: 297,303 | bf16_mfu: 0.00 | epoch: 1 pq: 10 rg: 82 | total time: 28.12m | eta: 0.6m
step 01864/01905 (97.85%) | loss: 3.189563 | lrm: 0.08 | dt: 894.30ms | tok/sec: 293,126 | bf16_mfu: 0.00 | epoch: 1 pq: 11 rg: 0 | total time: 28.14m | eta: 0.6m
step 01865/01905 (97.90%) | loss: 3.173091 | lrm: 0.08 | dt: 888.73ms | tok/sec: 294,966 | bf16_mfu: 0.00 | epoch: 1 pq: 11 rg: 0 | total time: 28.15m | eta: 0.6m
step 01866/01905 (97.95%) | loss: 3.179116 | lrm: 0.08 | dt: 930.20ms | tok/sec: 281,815 | bf16_mfu: 0.00 | epoch: 1 pq: 11 rg: 1 | total time: 28.17m | eta: 0.6m
step 01867/01905 (98.01%) | loss: 3.160029 | lrm: 0.08 | dt: 890.66ms | tok/sec: 294,325 | bf16_mfu: 0.00 | epoch: 1 pq: 11 rg: 1 | total time: 28.18m | eta: 0.6m
[2026-08-11 17:22:37] OK   base_checkpoints -> gdrive:/base_checkpoints
step 01868/01905 (98.06%) | loss: 3.159864 | lrm: 0.08 | dt: 910.98ms | tok/sec: 287,760 | bf16_mfu: 0.00 | epoch: 1 pq: 11 rg: 2 | total time: 28.20m | eta: 0.6m
step 01869/01905 (98.11%) | loss: 3.181267 | lrm: 0.08 | dt: 898.28ms | tok/sec: 291,828 | bf16_mfu: 0.00 | epoch: 1 pq: 11 rg: 2 | total time: 28.21m | eta: 0.5m
step 01870/01905 (98.16%) | loss: 3.201051 | lrm: 0.08 | dt: 912.45ms | tok/sec: 287,298 | bf16_mfu: 0.00 | epoch: 1 pq: 11 rg: 3 | total time: 28.23m | eta: 0.5m
step 01871/01905 (98.22%) | loss: 3.207903 | lrm: 0.08 | dt: 887.57ms | tok/sec: 295,348 | bf16_mfu: 0.00 | epoch: 1 pq: 11 rg: 3 | total time: 28.24m | eta: 0.5m
step 01872/01905 (98.27%) | loss: 3.201923 | lrm: 0.08 | dt: 962.22ms | tok/sec: 272,436 | bf16_mfu: 0.00 | epoch: 1 pq: 11 rg: 4 | total time: 28.26m | eta: 0.5m
step 01873/01905 (98.32%) | loss: 3.201135 | lrm: 0.07 | dt: 889.93ms | tok/sec: 294,568 | bf16_mfu: 0.00 | epoch: 1 pq: 11 rg: 4 | total time: 28.27m | eta: 0.5m
step 01874/01905 (98.37%) | loss: 3.215466 | lrm: 0.07 | dt: 918.39ms | tok/sec: 285,440 | bf16_mfu: 0.00 | epoch: 1 pq: 11 rg: 5 | total time: 28.29m | eta: 0.5m
step 01875/01905 (98.43%) | loss: 3.225299 | lrm: 0.07 | dt: 904.21ms | tok/sec: 289,914 | bf16_mfu: 0.00 | epoch: 1 pq: 11 rg: 5 | total time: 28.30m | eta: 0.5m
step 01876/01905 (98.48%) | loss: 3.242478 | lrm: 0.07 | dt: 974.83ms | tok/sec: 268,913 | bf16_mfu: 0.00 | epoch: 1 pq: 11 rg: 6 | total time: 28.32m | eta: 0.4m
step 01877/01905 (98.53%) | loss: 3.224978 | lrm: 0.07 | dt: 892.68ms | tok/sec: 293,659 | bf16_mfu: 0.00 | epoch: 1 pq: 11 rg: 6 | total time: 28.33m | eta: 0.4m
step 01878/01905 (98.58%) | loss: 3.213238 | lrm: 0.07 | dt: 919.44ms | tok/sec: 285,111 | bf16_mfu: 0.00 | epoch: 1 pq: 11 rg: 7 | total time: 28.35m | eta: 0.4m
step 01879/01905 (98.64%) | loss: 3.210981 | lrm: 0.07 | dt: 913.11ms | tok/sec: 287,089 | bf16_mfu: 0.00 | epoch: 1 pq: 11 rg: 7 | total time: 28.36m | eta: 0.4m
step 01880/01905 (98.69%) | loss: 3.206619 | lrm: 0.07 | dt: 905.49ms | tok/sec: 289,505 | bf16_mfu: 0.00 | epoch: 1 pq: 11 rg: 8 | total time: 28.38m | eta: 0.4m
step 01881/01905 (98.74%) | loss: 3.208388 | lrm: 0.07 | dt: 905.33ms | tok/sec: 289,555 | bf16_mfu: 0.00 | epoch: 1 pq: 11 rg: 8 | total time: 28.40m | eta: 0.4m
step 01882/01905 (98.79%) | loss: 3.224840 | lrm: 0.07 | dt: 932.54ms | tok/sec: 281,106 | bf16_mfu: 0.00 | epoch: 1 pq: 11 rg: 9 | total time: 28.41m | eta: 0.3m
step 01883/01905 (98.85%) | loss: 3.273409 | lrm: 0.07 | dt: 942.02ms | tok/sec: 278,277 | bf16_mfu: 0.00 | epoch: 1 pq: 11 rg: 9 | total time: 28.43m | eta: 0.3m
step 01884/01905 (98.90%) | loss: 3.259086 | lrm: 0.07 | dt: 891.57ms | tok/sec: 294,026 | bf16_mfu: 0.00 | epoch: 1 pq: 11 rg: 9 | total time: 28.44m | eta: 0.3m
step 01885/01905 (98.95%) | loss: 3.230310 | lrm: 0.07 | dt: 912.75ms | tok/sec: 287,203 | bf16_mfu: 0.00 | epoch: 1 pq: 11 rg: 10 | total time: 28.46m | eta: 0.3m
step 01886/01905 (99.00%) | loss: 3.224485 | lrm: 0.06 | dt: 878.76ms | tok/sec: 298,311 | bf16_mfu: 0.00 | epoch: 1 pq: 11 rg: 10 | total time: 28.47m | eta: 0.3m
step 01887/01905 (99.06%) | loss: 3.210606 | lrm: 0.06 | dt: 912.85ms | tok/sec: 287,169 | bf16_mfu: 0.00 | epoch: 1 pq: 11 rg: 11 | total time: 28.49m | eta: 0.3m
step 01888/01905 (99.11%) | loss: 3.216369 | lrm: 0.06 | dt: 894.09ms | tok/sec: 293,196 | bf16_mfu: 0.00 | epoch: 1 pq: 11 rg: 11 | total time: 28.50m | eta: 0.3m
step 01889/01905 (99.16%) | loss: 3.232691 | lrm: 0.06 | dt: 908.92ms | tok/sec: 288,411 | bf16_mfu: 0.00 | epoch: 1 pq: 11 rg: 12 | total time: 28.52m | eta: 0.2m
step 01890/01905 (99.21%) | loss: 3.230961 | lrm: 0.06 | dt: 903.12ms | tok/sec: 290,265 | bf16_mfu: 0.00 | epoch: 1 pq: 11 rg: 12 | total time: 28.53m | eta: 0.2m
step 01891/01905 (99.27%) | loss: 3.239255 | lrm: 0.06 | dt: 929.44ms | tok/sec: 282,045 | bf16_mfu: 0.00 | epoch: 1 pq: 11 rg: 13 | total time: 28.55m | eta: 0.2m
step 01892/01905 (99.32%) | loss: 3.240651 | lrm: 0.06 | dt: 908.93ms | tok/sec: 288,409 | bf16_mfu: 0.00 | epoch: 1 pq: 11 rg: 13 | total time: 28.56m | eta: 0.2m
step 01893/01905 (99.37%) | loss: 3.245615 | lrm: 0.06 | dt: 914.08ms | tok/sec: 286,786 | bf16_mfu: 0.00 | epoch: 1 pq: 11 rg: 14 | total time: 28.58m | eta: 0.2m
step 01894/01905 (99.42%) | loss: 3.221700 | lrm: 0.06 | dt: 892.69ms | tok/sec: 293,655 | bf16_mfu: 0.00 | epoch: 1 pq: 11 rg: 14 | total time: 28.59m | eta: 0.2m
step 01895/01905 (99.48%) | loss: 3.248403 | lrm: 0.06 | dt: 919.27ms | tok/sec: 285,165 | bf16_mfu: 0.00 | epoch: 1 pq: 11 rg: 15 | total time: 28.61m | eta: 0.2m
step 01896/01905 (99.53%) | loss: 3.255206 | lrm: 0.06 | dt: 910.60ms | tok/sec: 287,879 | bf16_mfu: 0.00 | epoch: 1 pq: 11 rg: 15 | total time: 28.62m | eta: 0.1m
step 01897/01905 (99.58%) | loss: 3.229428 | lrm: 0.06 | dt: 928.40ms | tok/sec: 282,360 | bf16_mfu: 0.00 | epoch: 1 pq: 11 rg: 16 | total time: 28.64m | eta: 0.1m
step 01898/01905 (99.63%) | loss: 3.214738 | lrm: 0.06 | dt: 901.76ms | tok/sec: 290,702 | bf16_mfu: 0.00 | epoch: 1 pq: 11 rg: 16 | total time: 28.65m | eta: 0.1m
step 01899/01905 (99.69%) | loss: 3.214471 | lrm: 0.05 | dt: 929.95ms | tok/sec: 281,889 | bf16_mfu: 0.00 | epoch: 1 pq: 11 rg: 17 | total time: 28.67m | eta: 0.1m
step 01900/01905 (99.74%) | loss: 3.253084 | lrm: 0.05 | dt: 892.57ms | tok/sec: 293,696 | bf16_mfu: 0.00 | epoch: 1 pq: 11 rg: 17 | total time: 28.68m | eta: 0.1m
step 01901/01905 (99.79%) | loss: 3.257355 | lrm: 0.05 | dt: 905.91ms | tok/sec: 289,371 | bf16_mfu: 0.00 | epoch: 1 pq: 11 rg: 18 | total time: 28.70m | eta: 0.1m
step 01902/01905 (99.84%) | loss: 3.254452 | lrm: 0.05 | dt: 890.63ms | tok/sec: 294,336 | bf16_mfu: 0.00 | epoch: 1 pq: 11 rg: 18 | total time: 28.71m | eta: 0.0m
step 01903/01905 (99.90%) | loss: 3.278081 | lrm: 0.05 | dt: 896.79ms | tok/sec: 292,313 | bf16_mfu: 0.00 | epoch: 1 pq: 11 rg: 19 | total time: 28.73m | eta: 0.0m
step 01904/01905 (99.95%) | loss: 3.249161 | lrm: 0.05 | dt: 899.61ms | tok/sec: 291,398 | bf16_mfu: 0.00 | epoch: 1 pq: 11 rg: 19 | total time: 28.74m | eta: 0.0m
[2026-08-11 17:23:38] OK   tokenizer -> gdrive:/tokenizer
[2026-08-11 17:23:40] OK   base_checkpoints -> gdrive:/base_checkpoints
Step 01905 | Validation bpb: 0.977060
Downloading https://karpathy-public.s3.us-west-2.amazonaws.com/eval_bundle.zip...
Downloaded to /root/nanochat_cache/eval_bundle.zip
Placed eval_bundle directory at /root/nanochat_cache/eval_bundle
Evaluating: hellaswag_zeroshot (0-shot, type: multiple_choice)... accuracy: 0.2780 | centered: 0.0373 | time: 7.02s
Evaluating: jeopardy (10-shot, type: language_modeling)... [2026-08-11 17:24:41] OK   tokenizer -> gdrive:/tokenizer
[2026-08-11 17:24:43] OK   base_checkpoints -> gdrive:/base_checkpoints
accuracy: 0.0000 | centered: 0.0000 | time: 7.30s
Evaluating: bigbench_qa_wikidata (10-shot, type: language_modeling)... accuracy: 0.1040 | centered: 0.1040 | time: 6.70s
Evaluating: arc_easy (10-shot, type: multiple_choice)... accuracy: 0.4460 | centered: 0.2613 | time: 8.48s
Evaluating: arc_challenge (10-shot, type: multiple_choice)... accuracy: 0.2480 | centered: -0.0027 | time: 8.79s
Evaluating: copa (0-shot, type: multiple_choice)... accuracy: 0.4400 | centered: -0.1200 | time: 1.27s
Evaluating: commonsense_qa (10-shot, type: multiple_choice)... accuracy: 0.3720 | centered: 0.2150 | time: 9.18s
Evaluating: piqa (10-shot, type: multiple_choice)... accuracy: 0.6140 | centered: 0.2280 | time: 7.59s
Evaluating: openbook_qa (0-shot, type: multiple_choice)... accuracy: 0.2600 | centered: 0.0133 | time: 6.54s
Evaluating: lambada_openai (0-shot, type: language_modeling)... accuracy: 0.1940 | centered: 0.1940 | time: 6.57s
Evaluating: hellaswag (10-shot, type: multiple_choice)... [2026-08-11 17:25:44] OK   tokenizer -> gdrive:/tokenizer
[2026-08-11 17:25:46] OK   base_checkpoints -> gdrive:/base_checkpoints
accuracy: 0.2780 | centered: 0.0373 | time: 11.73s
Evaluating: winograd (0-shot, type: schema)... accuracy: 0.5385 | centered: 0.0769 | time: 3.49s
Evaluating: winogrande (0-shot, type: schema)... accuracy: 0.4960 | centered: -0.0080 | time: 6.43s
Evaluating: bigbench_dyck_languages (10-shot, type: language_modeling)... accuracy: 0.0220 | centered: 0.0220 | time: 7.64s
Evaluating: agi_eval_lsat_ar (3-shot, type: multiple_choice)... accuracy: 0.2870 | centered: 0.1087 | time: 5.24s
Evaluating: bigbench_cs_algorithms (10-shot, type: language_modeling)... accuracy: 0.4460 | centered: 0.4460 | time: 7.37s
Evaluating: bigbench_operators (10-shot, type: language_modeling)... accuracy: 0.0714 | centered: 0.0714 | time: 3.06s
Evaluating: bigbench_repeat_copy_logic (10-shot, type: language_modeling)... accuracy: 0.0000 | centered: 0.0000 | time: 0.47s
Evaluating: squad (10-shot, type: language_modeling)... accuracy: 0.1280 | centered: 0.1280 | time: 10.91s
Evaluating: coqa (0-shot, type: language_modeling)... accuracy: 0.1040 | centered: 0.1040 | time: 7.48s
Evaluating: boolq (10-shot, type: multiple_choice)... [2026-08-11 17:26:47] OK   tokenizer -> gdrive:/tokenizer
[2026-08-11 17:26:49] OK   base_checkpoints -> gdrive:/base_checkpoints
accuracy: 0.4560 | centered: -0.4316 | time: 11.74s
Evaluating: bigbench_language_identification (10-shot, type: multiple_choice)... accuracy: 0.2340 | centered: 0.1573 | time: 15.80s
Step 01905 | CORE metric: 0.0747
<|bos|>The capital of France is the French capital, which is located in the southern part of the country. The
<|bos|>The chemical symbol of gold is silver. It has a melting point of 1,000°C and a
<|bos|>If yesterday was Friday, then tomorrow will be the day of the week. The first thing I did was to get a good
<|bos|>The opposite of hot is the cold. The heat from the sun causes a lot of heat to be absorbed
<|bos|>The planets of the solar system are: Earth, Mars and Jupiter. The planet is a very small space that has been
<|bos|>My favorite color is the red, but I'm not sure if it's a good color to use
<|bos|>If 5*x + 3 = 13, then x is the number of times that you have to change a value. If 2*
2026-08-11 17:27:15,296 - nanochat.checkpoint_manager - INFO - Saved model parameters to: /root/nanochat_cache/base_checkpoints/a10/model_001905.pt
2026-08-11 17:27:15,297 - nanochat.checkpoint_manager - INFO - Saved metadata to: /root/nanochat_cache/base_checkpoints/a10/meta_001905.json
2026-08-11 17:27:15,610 - nanochat.checkpoint_manager - INFO - Saved optimizer state to: /root/nanochat_cache/base_checkpoints/a10/optim_001905_rank0.pt
Peak memory usage: 5386.32MiB
Total training time: 28.74m
Minimum validation bpb: 0.977060